SubjectID,researchdate
5034735005191,2025-06-01
81075548469959065,2025-06-01
153131677170000130,2025-06-01
586793504968120128,2025-06-01
657536477715567505,2025-06-01
792639191900656642,2025-06-01
801651201304655618,2025-06-01
936754186446803894,2025-06-01
1008812355581841250,2025-06-01
1306054984423598367,2025-06-01
1306806058556077568,2025-06-01
1585271561336662224,2025-06-01
1585271561336695864,2025-06-01
1585271561336704203,2025-06-01
1585271561336766040,2025-06-01
1585271561337020096,2025-06-01
1585271561337044238,2025-06-01
1585271561337053954,2025-06-01
1954574044080790082,2025-06-01
2233791780476071135,2025-06-01
2243906939957421696,2025-06-01
2449965668495115531,2025-06-01
2738194092690289674,2025-06-01
3891115984388077834,2025-06-01
4260903199544299328,2025-06-01
4827866083748768960,2025-06-01
4827866083748770688,2025-06-01
5188154264055125095,2025-06-01
5188154264055125152,2025-06-01
5269223972552621314,2025-06-01
5413337214202464579,2025-06-01
6341074104264852368,2025-06-01
6485190696845707603,2025-06-01
6629304165209876610,2025-06-01
6927737971451443776,2025-06-01
7142969781737756800,2025-06-01
7493996866413376779,2025-06-01
7566064520488142175,2025-06-01
7710168402041500482,2025-06-01
8214571128982578588,2025-06-01
8791033531835245126,2025-06-01
8863090172069209728,2025-06-01
5034735007817,2025-06-02
225608272464491072,2025-06-02
729595691934239810,2025-06-02
947291746421455936,2025-06-02
1306806058556077568,2025-06-02
1585271561336695864,2025-06-02
1585271561336876209,2025-06-02
1585271561336924298,2025-06-02
1585271561336940537,2025-06-02
1585271561337000302,2025-06-02
1585271561337053954,2025-06-02
1729388141130525804,2025-06-02
2098690509497977664,2025-06-02
2098691289167691008,2025-06-02
2243906939957421696,2025-06-02
2316334052846495361,2025-06-02
2449965110012012815,2025-06-02
2747206538927418458,2025-06-02
4261396084881625472,2025-06-02
4692759896965140290,2025-06-02
4764817325728905537,2025-06-02
4908934708435070415,2025-06-02
5044038346077615240,2025-06-02
5413337214202460180,2025-06-02
5413337214202464579,2025-06-02
5557453419725369301,2025-06-02
6052843423965704693,2025-06-02
6133915128677095426,2025-06-02
6134031440866582528,2025-06-02
6269016405102144747,2025-06-02
6341074104264853201,2025-06-02
6494202711772201091,2025-06-02
6495489739328867520,2025-06-02
6629304165209877741,2025-06-02
6629304165209878011,2025-06-02
6999716893271764032,2025-06-02
7358893580340062978,2025-06-02
7358893773874615425,2025-06-02
8225073963540604608,2025-06-02
8800044858368715075,2025-06-02
8935147025123496880,2025-06-02
9007204635750639287,2025-06-02
5034735006047,2025-06-03
5034735007916,2025-06-03
576467810957597286,2025-06-03
657538164249049536,2025-06-03
1306806058556077568,2025-06-03
1378112445748263814,2025-06-03
1450168049750223233,2025-06-03
1513216533926154380,2025-06-03
1585271561336647901,2025-06-03
1585271561336999263,2025-06-03
1585271561337022332,2025-06-03
1585271561337050533,2025-06-03
1585271561337053948,2025-06-03
1729388589032331985,2025-06-03
1738403280270865088,2025-06-03
1954574044080790082,2025-06-03
2089675984079929177,2025-06-03
2233792637557833088,2025-06-03
2315718326334908096,2025-06-03
2377908555547499328,2025-06-03
2882308749924541139,2025-06-03
3323668325271603393,2025-06-03
3467783911479848960,2025-06-03
3828751370547352448,2025-06-03
3972183818959580032,2025-06-03
4107288419676846156,2025-06-03
4107288419676846200,2025-06-03
4548647573216187331,2025-06-03
4692759896965140290,2025-06-03
4764817325728901314,2025-06-03
5044039385649898752,2025-06-03
5197166057798793280,2025-06-03
5260212023980595118,2025-06-03
5629511854270500800,2025-06-03
5764614858704116186,2025-06-03
6341074104264851725,2025-06-03
6701361217345429528,2025-06-03
6854489553924494023,2025-06-03
7286835588169424727,2025-06-03
8079470079227476545,2025-06-03
8214571128982578588,2025-06-03
8791033531611703570,2025-06-03
8935148650840696065,2025-06-03
8935148960500688000,2025-06-03
9007204939872883344,2025-06-03
5034735007817,2025-06-04
153134458553130626,2025-06-04
648524241621891017,2025-06-04
1234000039061637954,2025-06-04
1513216560753935319,2025-06-04
1585271561336678840,2025-06-04
1585271561336697243,2025-06-04
1585271561336719294,2025-06-04
1585271561336771633,2025-06-04
1585271561336967196,2025-06-04
1585271561337030905,2025-06-04
1729388589032331985,2025-06-04
1954574044080790082,2025-06-04
2244513240001046080,2025-06-04
3026427095411120460,2025-06-04
3900967167078630144,2025-06-04
3963174951955399954,2025-06-04
4188358369920040000,2025-06-04
4261580498707044544,2025-06-04
4692759896965140290,2025-06-04
4908935609760525954,2025-06-04
5197165587782267328,2025-06-04
5260209176225692826,2025-06-04
5269222877690299204,2025-06-04
5332267584642577300,2025-06-04
5332267584642577320,2025-06-04
5764614858704116186,2025-06-04
5989801510985425153,2025-06-04
6052843423965704118,2025-06-04
6052843423965704521,2025-06-04
6341074104264851725,2025-06-04
6566258848326421577,2025-06-04
6783798661000274688,2025-06-04
6926548043751394241,2025-06-04
6998872468341592896,2025-06-04
7430951976169582016,2025-06-04
7719180632607324117,2025-06-04
8079469907788943042,2025-06-04
9016217269999190245,2025-06-04
5034735006047,2025-06-05
648524241621891017,2025-06-05
875418803981039424,2025-06-05
946931548975346752,2025-06-05
1008813765626955268,2025-06-05
1089884978166964928,2025-06-05
1297043030334348571,2025-06-05
1306806058556077568,2025-06-05
1513216560753935319,2025-06-05
1585271561336719294,2025-06-05
1585271561336967196,2025-06-05
1585271561337012619,2025-06-05
1585271561337021701,2025-06-05
1585271561337024794,2025-06-05
1585271561337032322,2025-06-05
1585271561337053502,2025-06-05
1729388589032331985,2025-06-05
1729390231323623488,2025-06-05
1739855415287684224,2025-06-05
1954573939019829505,2025-06-05
1954574044080790082,2025-06-05
2243906939957421696,2025-06-05
2305848744076623212,2025-06-05
2305848744076623408,2025-06-05
2676736128943147201,2025-06-05
2738194092690289034,2025-06-05
2882311520272393920,2025-06-05
4188358369920039902,2025-06-05
4261457657532782784,2025-06-05
4836876699678227158,2025-06-05
5116095829525861642,2025-06-05
5620499395138991575,2025-06-05
5764614858704116186,2025-06-05
5980787364025193058,2025-06-05
6341074104264852120,2025-06-05
6341074104264856003,2025-06-05
6701361217345430046,2025-06-05
6701361217345430749,2025-06-05
6917536153237304648,2025-06-05
7710168402041500482,2025-06-05
7926341023773842851,2025-06-05
8367700322646866753,2025-06-05
8791033816660297281,2025-06-05
8935148960500687426,2025-06-05
9016217269999190245,2025-06-05
441361688982364355,2025-06-06
504410216844887574,2025-06-06
513421118227062849,2025-06-06
792639191900656652,2025-06-06
1162022737893971328,2025-06-06
1233998612444276802,2025-06-06
1306053021421775489,2025-06-06
1585271561336779155,2025-06-06
1585271561336804690,2025-06-06
1585271561336836994,2025-06-06
1585271561336879976,2025-06-06
1585271561336987845,2025-06-06
1585271561337002721,2025-06-06
1585271561337026168,2025-06-06
1729388589032331985,2025-06-06
1954572816503618427,2025-06-06
1954573939019829505,2025-06-06
2233792637557835906,2025-06-06
2233802556162053506,2025-06-06
2243246602605790784,2025-06-06
2244161396280146880,2025-06-06
2305848744076623212,2025-06-06
2305848744076623408,2025-06-06
2531035227693134080,2025-06-06
3035439740714155136,2025-06-06
3251611063009621249,2025-06-06
4107288419676846144,2025-06-06
4188358369920039902,2025-06-06
4188358933945245264,2025-06-06
5476384795035394075,2025-06-06
5764614858704116186,2025-06-06
7854284809238590800,2025-06-06
8214571128982578588,2025-06-06
720583759961124417,2025-06-07
1008811907659198083,2025-06-07
1161942649620631617,2025-06-07
1224985242758498140,2025-06-07
1297043030334348571,2025-06-07
1306199128137519168,2025-06-07
1450169730127850278,2025-06-07
1585271561336642047,2025-06-07
1585271561336660410,2025-06-07
1585271561336739466,2025-06-07
1585271561336744637,2025-06-07
1585271561336888673,2025-06-07
1585271561336950266,2025-06-07
1585271561336968320,2025-06-07
1585271561336985866,2025-06-07
1585271561337012029,2025-06-07
1585271561337028331,2025-06-07
2089675984079929177,2025-06-07
2449965110012013066,2025-06-07
2891323557308657986,2025-06-07
3107497533813582784,2025-06-07
3323697511522713536,2025-06-07
3747000630363940255,2025-06-07
3891117339130576500,2025-06-07
4908937353777220800,2025-06-07
6052843423965704794,2025-06-07
6269016405102144747,2025-06-07
6629304165209879023,2025-06-07
6710374421143547864,2025-06-07
6710852998872164609,2025-06-07
6784027359418859072,2025-06-07
7070663956211116160,2025-06-07
7791241212634248768,2025-06-07
7854284809238590800,2025-06-07
8502804186997688729,2025-06-07
8791033816660297281,2025-06-07
8800699037240317312,2025-06-07
8935148650840696384,2025-06-07
9007204635750639287,2025-06-07
9007204939872883031,2025-06-07
9079264347632290584,2025-06-07
225335593580788480,2025-06-08
226944985535436544,2025-06-08
513421118227062849,2025-06-08
576467810957597286,2025-06-08
792639191900656782,2025-06-08
1306055918923485313,2025-06-08
1306357457811926976,2025-06-08
1451738962565949888,2025-06-08
1513216560753935319,2025-06-08
1585271561336613043,2025-06-08
1585271561336647429,2025-06-08
1585271561336862731,2025-06-08
1585271561336876209,2025-06-08
1585271561336888673,2025-06-08
1585271561336972954,2025-06-08
1585271561337012619,2025-06-08
1585271561337042922,2025-06-08
1585271561337048914,2025-06-08
1585274468154760803,2025-06-08
1729388141130525804,2025-06-08
1954573939019829505,2025-06-08
2531033574337163890,2025-06-08
2531033574337167351,2025-06-08
2738194092690289674,2025-06-08
5197166483580529984,2025-06-08
5269222877690299204,2025-06-08
5341279786058208873,2025-06-08
5764614858704116186,2025-06-08
6422145316800824194,2025-06-08
6629304165209877672,2025-06-08
6629304165209879023,2025-06-08
7214778110251697795,2025-06-08
7287726802593596288,2025-06-08
7358893773874612354,2025-06-08
7782225973962771416,2025-06-08
8430746051069922433,2025-06-08
8502804186997688729,2025-06-08
8872103851395035073,2025-06-08
5034735006870,2025-06-09
5034735007009,2025-06-09
5034735007859,2025-06-09
792639191900656642,2025-06-09
936756002501340111,2025-06-09
1089883064924784192,2025-06-09
1297043030334348571,2025-06-09
1369101741337282579,2025-06-09
1585271561336628314,2025-06-09
1585271561336662224,2025-06-09
1585271561336946807,2025-06-09
1585271561336959874,2025-06-09
1585271561336963868,2025-06-09
1585271561336985149,2025-06-09
1585271561337011960,2025-06-09
1585271561337044057,2025-06-09
1585271561337046081,2025-06-09
1585271561337051825,2025-06-09
1729388589032331985,2025-06-09
1954573939019829505,2025-06-09
2314861737789880281,2025-06-09
2738194092690289729,2025-06-09
3179555360094856128,2025-06-09
3242598857385037365,2025-06-09
3756013447131138625,2025-06-09
3891115984388077834,2025-06-09
4262170472843736513,2025-06-09
4548647573216187331,2025-06-09
4683750691077887234,2025-06-09
5332267584642577112,2025-06-09
5413337214202462417,2025-06-09
5557453419725369300,2025-06-09
5764614858704116186,2025-06-09
5918087169164797888,2025-06-09
6341074104264852173,2025-06-09
6629304165209877148,2025-06-09
6854489498627102104,2025-06-09
7430951296027745216,2025-06-09
7782225885427882784,2025-06-09
7782225973962771416,2025-06-09
8070458324181978240,2025-06-09
8295642745197945921,2025-06-09
8502803222098581352,2025-06-09
792639191900656652,2025-06-10
801651206834380375,2025-06-10
1091468501617997632,2025-06-10
1513216533926154380,2025-06-10
1585271561336633794,2025-06-10
1585271561336642047,2025-06-10
1585271561336690497,2025-06-10
1585271561336762631,2025-06-10
1585271561336872859,2025-06-10
1585271561336876209,2025-06-10
1585271561336917724,2025-06-10
1585271561336999721,2025-06-10
1585271561337012029,2025-06-10
1585271561337021179,2025-06-10
1585274468154760705,2025-06-10
1883240920244414016,2025-06-10
3035438258777611137,2025-06-10
3107497533813582784,2025-06-10
3468921029437605568,2025-06-10
3819059496266610048,2025-06-10
3828751370547352448,2025-06-10
3891115984388077834,2025-06-10
4476589022556912544,2025-06-10
5764614858704116186,2025-06-10
6269016405102144747,2025-06-10
6413133404652387490,2025-06-10
6701361217345430838,2025-06-10
6998605980629640515,2025-06-10
7719181970776511680,2025-06-10
7782225885427882784,2025-06-10
8007412031770014786,2025-06-10
8791033531835245126,2025-06-10
8801587602994100992,2025-06-10
8935147025123496246,2025-06-10
5034735007817,2025-06-11
720583759961124417,2025-06-11
1585271561336762631,2025-06-11
1585271561336807123,2025-06-11
1585271561336925889,2025-06-11
1585271561337030905,2025-06-11
1585271561337040624,2025-06-11
1585271561337053502,2025-06-11
1585274423917697153,2025-06-11
1729388589032331985,2025-06-11
1954573939019830722,2025-06-11
2026631416935243265,2025-06-11
2242805481916280257,2025-06-11
2963380775332161089,2025-06-11
3963174731014708819,2025-06-11
4179348047056553453,2025-06-11
4404532838566919552,2025-06-11
4692759896965140290,2025-06-11
5053051273388340352,2025-06-11
5557453480556840705,2025-06-11
5764614858704116186,2025-06-11
6052843423965704248,2025-06-11
6052843423965704462,2025-06-11
6052843423965704624,2025-06-11
6341074104264852173,2025-06-11
6350087783588513730,2025-06-11
6494202667536140096,2025-06-11
6557246880847484935,2025-06-11
6629304165209878669,2025-06-11
6998872468341592896,2025-06-11
7576476778608295233,2025-06-11
7926341023773842837,2025-06-11
7998397832613031942,2025-06-11
8070458324181978240,2025-06-11
8583871661534034304,2025-06-11
5034735006848,2025-06-12
5034735007627,2025-06-12
9312040921243712,2025-06-12
153134419846816128,2025-06-12
432351254888982875,2025-06-12
513421936608555392,2025-06-12
720583759961119936,2025-06-12
792639191900656750,2025-06-12
1297043030334348571,2025-06-12
1585271561336642047,2025-06-12
1585271561336820883,2025-06-12
1585271561337003848,2025-06-12
1585271561337030905,2025-06-12
1810459314961883392,2025-06-12
2882309734211218374,2025-06-12
2882310110228255683,2025-06-12
2882311520272393920,2025-06-12
3828751370547352448,2025-06-12
5332267584642577160,2025-06-12
5413337214202460180,2025-06-12
5548441990942657024,2025-06-12
5629511306838413568,2025-06-12
5701569099948068097,2025-06-12
6052843423965704109,2025-06-12
6557248473360856802,2025-06-12
6566258848326421577,2025-06-12
6845478458367164868,2025-06-12
7286835588169424727,2025-06-12
7575065682304820290,2025-06-12
7791241212634245504,2025-06-12
8791033816660297281,2025-06-12
81077505949382145,2025-06-13
360295029579446279,2025-06-13
369305952269615221,2025-06-13
441361688982367554,2025-06-13
576465923186619466,2025-06-13
936756002501340111,2025-06-13
1297043030334348571,2025-06-13
1513216533926154380,2025-06-13
1585271561336723110,2025-06-13
1585271561336864369,2025-06-13
1585271561336876209,2025-06-13
1585271561337019272,2025-06-13
1585271561337033691,2025-06-13
1585271561337036442,2025-06-13
1585271561337044540,2025-06-13
1810455936995143616,2025-06-13
2386919254417071878,2025-06-13
2449965477186178842,2025-06-13
2819265587255210048,2025-06-13
3035438529728160640,2025-06-13
3098483602160404120,2025-06-13
3467784160333701762,2025-06-13
3611896085929165248,2025-06-13
3901257438148375808,2025-06-13
4332926112403708992,2025-06-13
4611694214010660315,2025-06-13
4764820692635344322,2025-06-13
4827866868944797761,2025-06-13
5054118000478009920,2025-06-13
5188154264055125162,2025-06-13
5270923432208053120,2025-06-13
5629511450608996289,2025-06-13
5629511959330150400,2025-06-13
5629512169455334209,2025-06-13
5701568878757408000,2025-06-13
5764614858704116186,2025-06-13
6052843423965704521,2025-06-13
6206643039465930496,2025-06-13
6341074104264849939,2025-06-13
6413133404652387490,2025-06-13
6557248473360856802,2025-06-13
6557248561836698767,2025-06-13
6629304165209876610,2025-06-13
6629304165209877384,2025-06-13
7286835588169424727,2025-06-13
7791241212634245504,2025-06-13
5034735007773,2025-06-14
9312040921243712,2025-06-14
297251194917919616,2025-06-14
369305952269615221,2025-06-14
585481725913663553,2025-06-14
648524241621891017,2025-06-14
1378112445748263814,2025-06-14
1513216560753935319,2025-06-14
1513217089771005832,2025-06-14
1585271561336609714,2025-06-14
1585271561336624659,2025-06-14
1585271561336627208,2025-06-14
1585271561336723110,2025-06-14
1585271561336888673,2025-06-14
1585271561337053502,2025-06-14
1738401682216574849,2025-06-14
1873503251789431953,2025-06-14
1882516134850618573,2025-06-14
2089675984079929177,2025-06-14
2242805481916280257,2025-06-14
2594080439968916616,2025-06-14
2738194092690289029,2025-06-14
2738194092690289068,2025-06-14
2747206538927418458,2025-06-14
2748336010956710272,2025-06-14
2748907845476333312,2025-06-14
2819265587255210048,2025-06-14
3107495819638266880,2025-06-14
3467783037797019533,2025-06-14
3467783911479855681,2025-06-14
3819059496266608833,2025-06-14
3828751370547352448,2025-06-14
4837337629923812032,2025-06-14
5054584265293230848,2025-06-14
6701361217345430577,2025-06-14
6998872468341592896,2025-06-14
7782225973962771416,2025-06-14
8502804186997688729,2025-06-14
8574860238283842062,2025-06-14
8718974580309866977,2025-06-14
8935147025123495532,2025-06-14
9018203264608292,2025-06-15
792640588831739528,2025-06-15
1297043030334348571,2025-06-15
1513216533926154380,2025-06-15
1513216560753935319,2025-06-15
1585271561336590344,2025-06-15
1585271561336609714,2025-06-15
1585271561336631758,2025-06-15
1585271561336634007,2025-06-15
1585271561336660303,2025-06-15
1585271561336744637,2025-06-15
1585271561336777509,2025-06-15
1585271561336807946,2025-06-15
1585271561336888673,2025-06-15
1585271561336969923,2025-06-15
1585271561337020096,2025-06-15
1801456980864929841,2025-06-15
2531033574337164671,2025-06-15
2738194092690289029,2025-06-15
2954367870147815886,2025-06-15
3251612677654324864,2025-06-15
3611898983435468929,2025-06-15
3891115984388077728,2025-06-15
4188356816114174976,2025-06-15
4323463152188622601,2025-06-15
4611694214010660315,2025-06-15
4764817325728907136,2025-06-15
5053051190437830144,2025-06-15
5980785973690676368,2025-06-15
6341074104264850600,2025-06-15
6629304165209877317,2025-06-15
6701361217345430741,2025-06-15
7142864753932710336,2025-06-15
7142969781737756800,2025-06-15
7286836340193212928,2025-06-15
8727990074356780608,2025-06-15
8935147025123495532,2025-06-15
9079264895077392192,2025-06-15
153134419846816128,2025-06-16
369305952269615221,2025-06-16
441939118833085120,2025-06-16
576465923186619466,2025-06-16
801651206834380136,2025-06-16
947291746421455936,2025-06-16
1441159783276051102,2025-06-16
1585271561336628314,2025-06-16
1585271561336670909,2025-06-16
1585271561336736404,2025-06-16
1585271561336762631,2025-06-16
1585271561336876209,2025-06-16
1585271561336959172,2025-06-16
1585271561336969686,2025-06-16
1585271561336969923,2025-06-16
1585271561337014587,2025-06-16
1585271561337036299,2025-06-16
1585271561337037325,2025-06-16
2242804895778101824,2025-06-16
3386713974243437648,2025-06-16
3891115984388077728,2025-06-16
4261580498707044544,2025-06-16
4611691438142762186,2025-06-16
4908937353777222208,2025-06-16
5269222877690299218,2025-06-16
6052843385257647299,2025-06-16
6413133404652387490,2025-06-16
6710375698481685377,2025-06-16
7286835162388063688,2025-06-16
7566064520488142175,2025-06-16
7782225973962770785,2025-06-16
8935147025123497195,2025-06-16
5034735006795,2025-06-17
7023315206338,2025-06-17
226276416110631552,2025-06-17
360293909705803919,2025-06-17
875163993763721408,2025-06-17
1017826062559976640,2025-06-17
1450169730127850278,2025-06-17
1523321506755270400,2025-06-17
1585271561336617103,2025-06-17
1585271561336642216,2025-06-17
1585271561336736404,2025-06-17
1585271561336790289,2025-06-17
1585271561336866220,2025-06-17
1585271561336937481,2025-06-17
1585271561336973230,2025-06-17
1585271561337003723,2025-06-17
1810459314961887936,2025-06-17
2233791780476071135,2025-06-17
2305848744076622784,2025-06-17
2315480831823292352,2025-06-17
2531033574337167351,2025-06-17
2738194092690289085,2025-06-17
2963380814038309056,2025-06-17
3819059905448884510,2025-06-17
3828751370547352448,2025-06-17
4980991965168188033,2025-06-17
5053051273388343040,2025-06-17
5332267584642577280,2025-06-17
5332267584642577435,2025-06-17
5548440520018748567,2025-06-17
6052843423965704632,2025-06-17
6061857247078127296,2025-06-17
6485190517591018432,2025-06-17
7286835588169424727,2025-06-17
7719181970776511680,2025-06-17
7791239100327164288,2025-06-17
7998400403885850012,2025-06-17
8872102557463947648,2025-06-17
216178417478506440,2025-06-18
360293909705804778,2025-06-18
947291746421455936,2025-06-18
1234000039061637954,2025-06-18
1450168049750223233,2025-06-18
1585271561336660303,2025-06-18
1585271561336786948,2025-06-18
1585271561336856398,2025-06-18
1585271561336863782,2025-06-18
1585271561336946807,2025-06-18
1585271561336982250,2025-06-18
1585271561336983258,2025-06-18
1882713154663059137,2025-06-18
1945562604242968002,2025-06-18
2531033574337167351,2025-06-18
2882310110228255683,2025-06-18
3036601422180555840,2025-06-18
3386713974243437648,2025-06-18
3828751370547352448,2025-06-18
4188358369920040000,2025-06-18
4332475200292245888,2025-06-18
4539635606295686779,2025-06-18
5269222910863619076,2025-06-18
6133914376630410496,2025-06-18
6206256011372936832,2025-06-18
6557246880847484935,2025-06-18
7421937771504245301,2025-06-18
7647124459683660480,2025-06-18
7791241212634246529,2025-06-18
7998400403885849124,2025-06-18
8079709592015739840,2025-06-18
8214573661547136012,2025-06-18
8800044858368715081,2025-06-18
1161942649620631617,2025-06-19
1235179019649062400,2025-06-19
1451738962565949888,2025-06-19
1585271561336631758,2025-06-19
1585271561336768127,2025-06-19
1585271561336836994,2025-06-19
1585271561336863782,2025-06-19
1585271561336878328,2025-06-19
1585271561336931680,2025-06-19
1585271561336969923,2025-06-19
1585271561336971361,2025-06-19
1585271561337012029,2025-06-19
1585271561337028235,2025-06-19
1585271561337040624,2025-06-19
1657331923961798658,2025-06-19
1810455936995143616,2025-06-19
1873514873511094208,2025-06-19
2882311520272393920,2025-06-19
3035436765780351298,2025-06-19
3035438529728160640,2025-06-19
3891115984388077661,2025-06-19
4620705515620634944,2025-06-19
5332267584642577160,2025-06-19
5413337214202459316,2025-06-19
5629511854270500800,2025-06-19
6196958805535046283,2025-06-19
6341074104264852220,2025-06-19
6341074104264854055,2025-06-19
6784027359418859072,2025-06-19
7144069293365582592,2025-06-19
7358893580340050752,2025-06-19
7421937771504245301,2025-06-19
7719183485888315392,2025-06-19
7782225973962771416,2025-06-19
8214571128982578588,2025-06-19
8224185895451025024,2025-06-19
8367698818594834445,2025-06-19
8511817191720792833,2025-06-19
5034735006958,2025-06-20
576465923186619467,2025-06-20
1585271561336723410,2025-06-20
1585271561336746677,2025-06-20
1585271561336866458,2025-06-20
1585271561336970540,2025-06-20
1585271561336985149,2025-06-20
1585271561336994883,2025-06-20
1585271561337010551,2025-06-20
1585271561337018506,2025-06-20
1594285565167033075,2025-06-20
1657332156207575424,2025-06-20
1945562604242968707,2025-06-20
2244144434469039809,2025-06-20
2305848744076623625,2025-06-20
2594080757047248896,2025-06-20
2748907845476333312,2025-06-20
2963380775332161280,2025-06-20
3819059496266610048,2025-06-20
3891115984388077661,2025-06-20
3891117576910366722,2025-06-20
3900131062701345664,2025-06-20
4044244464717265088,2025-06-20
4107288419676846176,2025-06-20
4332475200292245888,2025-06-20
4622291239851715456,2025-06-20
4899922101829706131,2025-06-20
4980991965168188033,2025-06-20
5269222877690299204,2025-06-20
5332267584642577160,2025-06-20
5764614858704116186,2025-06-20
5836672162506751042,2025-06-20
6629304165209878003,2025-06-20
7358893580340050752,2025-06-20
7782225973962770785,2025-06-20
8358687146521034642,2025-06-20
8367698818594834445,2025-06-20
8872102004503143605,2025-06-20
792640588831739337,2025-06-21
1306055321721055758,2025-06-21
1522327548243721536,2025-06-21
1585271561336620066,2025-06-21
1585271561336724068,2025-06-21
1585271561336807946,2025-06-21
1585271561336902933,2025-06-21
1585271561336985149,2025-06-21
1585271561337025775,2025-06-21
1585271561337040624,2025-06-21
1585271561337041337,2025-06-21
1594285565167033075,2025-06-21
1801445447605714671,2025-06-21
3035438529728160640,2025-06-21
3107700341612065664,2025-06-21
3828751370547352448,2025-06-21
3901257438148375808,2025-06-21
4035232106963127754,2025-06-21
4188358369920040000,2025-06-21
4261580498707044544,2025-06-21
4611691438142762186,2025-06-21
4764817325728901697,2025-06-21
4764817325728901698,2025-06-21
5413337214202464579,2025-06-21
6341074104264852368,2025-06-21
7277824762114538048,2025-06-21
7782225973962771416,2025-06-21
7926341023773842820,2025-06-21
8214571128982578588,2025-06-21
9007207445622427913,2025-06-21
7023315206465,2025-06-22
432351254888982817,2025-06-22
792640496907065921,2025-06-22
1513216560753935319,2025-06-22
1585271561336647901,2025-06-22
1585271561336693741,2025-06-22
1585271561336866507,2025-06-22
1585271561336969570,2025-06-22
1585271561336985149,2025-06-22
1585271561336994883,2025-06-22
1585271561337008553,2025-06-22
1585271561337010551,2025-06-22
1585271561337015883,2025-06-22
1585271561337021743,2025-06-22
1585271561337041337,2025-06-22
1585271561337043287,2025-06-22
1738401682216574849,2025-06-22
2017618760585040015,2025-06-22
2882308749924541139,2025-06-22
2882311017076510594,2025-06-22
2963380775332161280,2025-06-22
3467783037797019533,2025-06-22
3828751370547352448,2025-06-22
4035232106963127754,2025-06-22
4467576858342743369,2025-06-22
5269222877690299145,2025-06-22
5764614858704116186,2025-06-22
6061856428691210627,2025-06-22
6278059259680440000,2025-06-22
6341074104264852368,2025-06-22
6629304165209877199,2025-06-22
6629305709414973060,2025-06-22
7493998014236517538,2025-06-22
7638112022221129555,2025-06-22
7791241212634245504,2025-06-22
8223585134570190914,2025-06-22
8225047575261536961,2025-06-22
8502804186997688729,2025-06-22
8718974580309867102,2025-06-22
360293909705804580,2025-06-23
1306055277490834051,2025-06-23
1585271561336776582,2025-06-23
1585271561336918934,2025-06-23
1585271561336921162,2025-06-23
1585271561336946807,2025-06-23
1585271561336995359,2025-06-23
1585271561337013256,2025-06-23
1585271561337028964,2025-06-23
1882516134850618572,2025-06-23
1882516134850618573,2025-06-23
2305848744076622362,2025-06-23
2531033574337167351,2025-06-23
2747206450459321889,2025-06-23
3530830270264483540,2025-06-23
4107288419676846144,2025-06-23
4404534342618501632,2025-06-23
4548647573216177728,2025-06-23
4548647573216187331,2025-06-23
4692759896965140290,2025-06-23
4980991965168188033,2025-06-23
5125107252771462419,2025-06-23
5197165831092178176,2025-06-23
6196958805535046283,2025-06-23
6341072931965191627,2025-06-23
6413133404652387391,2025-06-23
6566258848326419843,2025-06-23
6701361217345429307,2025-06-23
6701361217345429380,2025-06-23
6917536153237304956,2025-06-23
7215494154939420416,2025-06-23
7782225973962771416,2025-06-23
8079709592015739840,2025-06-23
8142515912690094339,2025-06-23
5034735006857,2025-06-24
225188978579824128,2025-06-24
792639191900656642,2025-06-24
936755082263721926,2025-06-24
1091126305548750145,2025-06-24
1585271561336762631,2025-06-24
1585271561336867515,2025-06-24
1585271561336877696,2025-06-24
1585271561336921162,2025-06-24
1585271561336935960,2025-06-24
1585271561337019786,2025-06-24
1585271561337020061,2025-06-24
1739916987938841344,2025-06-24
1873514873511094208,2025-06-24
1945562604242968002,2025-06-24
1954573939019829248,2025-06-24
2098689923357006401,2025-06-24
2305848744076622153,2025-06-24
4683750671725055367,2025-06-24
4692759896965140290,2025-06-24
4693724001627148928,2025-06-24
5269278562812822592,2025-06-24
6629304165209877649,2025-06-24
6701361217345428872,2025-06-24
7421937898647071629,2025-06-24
7647124409916186432,2025-06-24
7791241212634245504,2025-06-24
8791033531835244932,2025-06-24
8935149430517090241,2025-06-24
8944162424173818048,2025-06-24
9007207445622427913,2025-06-24
432351254888983589,2025-06-25
1306054984423598601,2025-06-25
1450169741182143061,2025-06-25
1513216533926154380,2025-06-25
1585271561336746720,2025-06-25
1585271561336766040,2025-06-25
1585271561337001691,2025-06-25
1585271561337011960,2025-06-25
1585271561337012029,2025-06-25
1585271561337013256,2025-06-25
1585271561337041337,2025-06-25
1739855415287684224,2025-06-25
2233793632882183375,2025-06-25
2305848744076623320,2025-06-25
3035438529728160640,2025-06-25
3674944142301961984,2025-06-25
3972187335165675456,2025-06-25
4260416422919966855,2025-06-25
4476589022556912544,2025-06-25
4764817325728901697,2025-06-25
5188154264055124614,2025-06-25
5269224077618120705,2025-06-25
5270835593220710144,2025-06-25
5629512976778660864,2025-06-25
6495154918242406656,2025-06-25
7430950931072303937,2025-06-25
7863297125675401793,2025-06-25
8007412236336258369,2025-06-25
8583871904837544918,2025-06-25
513460228649263553,2025-06-26
648524241621891017,2025-06-26
1224996632231164864,2025-06-26
1306054984423598601,2025-06-26
1585271561336719294,2025-06-26
1585271561336864392,2025-06-26
1585271561336903680,2025-06-26
1585271561336969570,2025-06-26
1585271561336994462,2025-06-26
1585271561337000714,2025-06-26
1585271561337001691,2025-06-26
1585271561337011960,2025-06-26
1585274423917697743,2025-06-26
2315718326334908096,2025-06-26
2747957778956732736,2025-06-26
2954367870147816270,2025-06-26
2963380775332160449,2025-06-26
3098483135638259031,2025-06-26
3468718719298082880,2025-06-26
3828751370547352448,2025-06-26
3891115984388077661,2025-06-26
4035232106963127754,2025-06-26
4260416422919966855,2025-06-26
5548441990942654369,2025-06-26
5620499395138991826,2025-06-26
5629511854270500800,2025-06-26
5630684123440643457,2025-06-26
6341074104264852047,2025-06-26
6341074104264852173,2025-06-26
6341074104264852368,2025-06-26
6341074104264854055,2025-06-26
6629304165209877199,2025-06-26
6711292803523302144,2025-06-26
7214779105578905474,2025-06-26
8007412236336259136,2025-06-26
1306055277490834051,2025-06-27
1306055321721055769,2025-06-27
1306055918923481346,2025-06-27
1306313283810542784,2025-06-27
1369101741337284103,2025-06-27
1585271561336603273,2025-06-27
1585271561336792168,2025-06-27
1585271561337001691,2025-06-27
1585271561337012029,2025-06-27
1585271561337031005,2025-06-27
1585271561337043459,2025-06-27
1585271561337050126,2025-06-27
1585271561337050866,2025-06-27
1585271561337051837,2025-06-27
1657331923961798658,2025-06-27
1954572816503618427,2025-06-27
2098689768527754113,2025-06-27
2315551200567472768,2025-06-27
2531035227693137728,2025-06-27
3395725322111671693,2025-06-27
3747000630363940255,2025-06-27
3828751370547352448,2025-06-27
4332978302823900801,2025-06-27
4692759896965140290,2025-06-27
4755806029018135186,2025-06-27
5764614858704116186,2025-06-27
6629304165209877199,2025-06-27
6629304165209877317,2025-06-27
7287348570593627264,2025-06-27
7647124409916189827,2025-06-27
7719183485888315392,2025-06-27
7719183762365539648,2025-06-27
7791236453343831554,2025-06-27
7926342403457552206,2025-06-27
8655930903394015233,2025-06-27
5034735006226,2025-06-28
729595702993858241,2025-06-28
1017826200793646913,2025-06-28
1161942649620631617,2025-06-28
1162022737893971328,2025-06-28
1306054984423598601,2025-06-28
1585271561336695605,2025-06-28
1585271561336994462,2025-06-28
1585271561337012029,2025-06-28
1585271561337020878,2025-06-28
1585271561337043459,2025-06-28
1585271561337045660,2025-06-28
1585271561337050126,2025-06-28
1594286234250462081,2025-06-28
1594711382926345728,2025-06-28
1873504623131540673,2025-06-28
2305848744076622577,2025-06-28
2316334052846495361,2025-06-28
2738194092690289729,2025-06-28
3098483602160404038,2025-06-28
3397268127622014080,2025-06-28
3828751370547352448,2025-06-28
4404532213722835842,2025-06-28
4755806029018135186,2025-06-28
5053049603441781016,2025-06-28
5116096277414528843,2025-06-28
5764614858704116186,2025-06-28
6061857247078125826,2025-06-28
6133914376630410496,2025-06-28
6278112036238381505,2025-06-28
6629304165209877741,2025-06-28
6638988891232380672,2025-06-28
7791241212634245504,2025-06-28
8214571128982578588,2025-06-28
9007204635750639287,2025-06-28
72064921482246402,2025-06-29
153134458553130626,2025-06-29
513421444474232492,2025-06-29
657540071955486912,2025-06-29
1089884978166964928,2025-06-29
1306054984423598601,2025-06-29
1306055918923481346,2025-06-29
1306199128137519168,2025-06-29
1585271561336714584,2025-06-29
1585271561336746677,2025-06-29
1585271561336792168,2025-06-29
1585271561336885807,2025-06-29
1585271561336981583,2025-06-29
1585271561337033691,2025-06-29
1666345658585355201,2025-06-29
1738403280270865088,2025-06-29
1945561669738689285,2025-06-29
2098690509497975936,2025-06-29
2233791780476071135,2025-06-29
2738194092690289729,2025-06-29
2954367870147816270,2025-06-29
3035438502080357056,2025-06-29
3242598926442262465,2025-06-29
3819059496266608833,2025-06-29
3891115984388077643,2025-06-29
3891115984388077661,2025-06-29
3900130006549141184,2025-06-29
3972185637577204576,2025-06-29
4035232106963127754,2025-06-29
4260416422919966855,2025-06-29
4404532213722839106,2025-06-29
4548647573216187331,2025-06-29
5197166057798798210,2025-06-29
5413337214202460227,2025-06-29
5764614806234615889,2025-06-29
6052843423965704693,2025-06-29
6061856428691210627,2025-06-29
6196960145816224397,2025-06-29
6341074104264854075,2025-06-29
6413133404652391365,2025-06-29
6557248473360856796,2025-06-29
6629304165209877529,2025-06-29
6701361217345430890,2025-06-29
6784000971139791808,2025-06-29
7070663956211113984,2025-06-29
7142969781737756800,2025-06-29
7214778110251697675,2025-06-29
7719180632607324117,2025-06-29
7719181970776511680,2025-06-29
7926341023773842837,2025-06-29
8070458324181978690,2025-06-29
8511817191720792833,2025-06-29
8872102518756436180,2025-06-29
8935147025123496488,2025-06-29
153134419846816128,2025-06-30
576467810957597286,2025-06-30
657538164249049536,2025-06-30
1008811791543195049,2025-06-30
1008811907659198081,2025-06-30
1233998612444273920,2025-06-30
1306055277490834051,2025-06-30
1585271561336619618,2025-06-30
1585271561336914069,2025-06-30
1585271561336926709,2025-06-30
1585271561336944156,2025-06-30
1585271561336993989,2025-06-30
1585271561337030686,2025-06-30
1585271561337043459,2025-06-30
1594287976076177792,2025-06-30
1729390231323623488,2025-06-30
2098690033949114112,2025-06-30
2233792637557835906,2025-06-30
2305848744076623062,2025-06-30
2377906299442911070,2025-06-30
2675150653541831553,2025-06-30
2738194092690289087,2025-06-30
2819265587255210048,2025-06-30
2954367870147816203,2025-06-30
3035438502080357056,2025-06-30
3397268127622014080,2025-06-30
4179347521753441089,2025-06-30
4332926112403708992,2025-06-30
4548647573216187331,2025-06-30
5260212023980595118,2025-06-30
5629511306838412928,2025-06-30
6052843423965704794,2025-06-30
6061856428691210627,2025-06-30
7782225973962771564,2025-06-30
7998400403885849124,2025-06-30
8142515282311849090,2025-06-30
8214572793405073281,2025-06-30
8224044820656961152,2025-06-30
576467810957597286,2025-07-01
1019473315200956032,2025-07-01
1306055918923481346,2025-07-01
1585271561336618120,2025-07-01
1585271561336766040,2025-07-01
1585271561336919630,2025-07-01
1585271561336938714,2025-07-01
1585271561336981327,2025-07-01
1585271561337028235,2025-07-01
1585271561337052322,2025-07-01
1729390231323623488,2025-07-01
2305848744076623062,2025-07-01
2449965262016764108,2025-07-01
2531033574337168760,2025-07-01
2738194092690289798,2025-07-01
2963380814038311362,2025-07-01
3972185637577204576,2025-07-01
4260416422919966855,2025-07-01
4548647573216187331,2025-07-01
4693724001627148928,2025-07-01
4764821936795189185,2025-07-01
5269560159732418304,2025-07-01
5270395666626698240,2025-07-01
5332267584642577124,2025-07-01
5548440520018748634,2025-07-01
6052843423965704794,2025-07-01
6422145316800829120,2025-07-01
6629304165209878803,2025-07-01
7286836179836408576,2025-07-01
7782225973962771544,2025-07-01
7782225973962771564,2025-07-01
7926340078215188296,2025-07-01
7926341023773842837,2025-07-01
8152048815860054656,2025-07-01
8223869468442740672,2025-07-01
8935147025123495532,2025-07-01
8944160953299386496,2025-07-01
360295281038589900,2025-07-02
513420979987158990,2025-07-02
792639191900656642,2025-07-02
947485702835762688,2025-07-02
1018435448109585216,2025-07-02
1089884978166963392,2025-07-02
1306295885160768256,2025-07-02
1585271561336678240,2025-07-02
1585271561336755826,2025-07-02
1585271561336764504,2025-07-02
1585271561336826355,2025-07-02
1585271561336901830,2025-07-02
1585271561336901967,2025-07-02
1585271561337009782,2025-07-02
1585271561337013050,2025-07-02
1954572816503618427,2025-07-02
2233791780476071135,2025-07-02
2305848744076623468,2025-07-02
2388215708434570752,2025-07-02
2458979315686200704,2025-07-02
2675152120263605121,2025-07-02
2676788859237927680,2025-07-02
2738194092690289068,2025-07-02
2819265587255210048,2025-07-02
3468244200291165952,2025-07-02
3828663409617125952,2025-07-02
4035232106963127754,2025-07-02
4179347521753440578,2025-07-02
4260414509684124353,2025-07-02
4332926112403708992,2025-07-02
4692759896965140290,2025-07-02
5053051273388341058,2025-07-02
5332267584642577230,2025-07-02
5629511306838412928,2025-07-02
5629511854270504897,2025-07-02
5701569099948068097,2025-07-02
5836672953232509453,2025-07-02
6341072931965192634,2025-07-02
6629304165209876517,2025-07-02
6917536399313464325,2025-07-02
7358893580340050752,2025-07-02
7421937771504245263,2025-07-02
8502803222098581352,2025-07-02
8655932031432152448,2025-07-02
9016219708573634752,2025-07-02
5034735007916,2025-07-03
441361688982367554,2025-07-03
442149976233456704,2025-07-03
513421118227062849,2025-07-03
576467810957597286,2025-07-03
1585271561336641826,2025-07-03
1585271561336646655,2025-07-03
1585271561336724594,2025-07-03
1585271561336766040,2025-07-03
1585271561336888231,2025-07-03
1585271561336904981,2025-07-03
1585271561336931900,2025-07-03
1585271561336939603,2025-07-03
1585271561337010925,2025-07-03
1585271561337024234,2025-07-03
1585271561337029088,2025-07-03
1594285565167032960,2025-07-03
1594285565167033075,2025-07-03
1594456296228688960,2025-07-03
2017618760585039891,2025-07-03
2233792554604317953,2025-07-03
2531035227693138307,2025-07-03
2738194092690289068,2025-07-03
2738194092690289729,2025-07-03
2810263319524575745,2025-07-03
2819265587255210048,2025-07-03
2882308749924541139,2025-07-03
3035438502080357056,2025-07-03
3314656874364763224,2025-07-03
3468718719298082880,2025-07-03
3963175104584409603,2025-07-03
4107288419676846194,2025-07-03
4404532838566918914,2025-07-03
4404534281793757185,2025-07-03
4620705504559295296,2025-07-03
4980991965168188033,2025-07-03
5053051273388341058,2025-07-03
5269222877690299218,2025-07-03
5332267584642577413,2025-07-03
5413337214202459985,2025-07-03
6629305121846238152,2025-07-03
6710374421143547864,2025-07-03
7647123547297071040,2025-07-03
8152048815860054656,2025-07-03
5034735006834,2025-07-04
360295029579446279,2025-07-04
720583759961124417,2025-07-04
792639191900656748,2025-07-04
801651201304652926,2025-07-04
864698737912134848,2025-07-04
947291746421455936,2025-07-04
1523321506755270400,2025-07-04
1585271561336595982,2025-07-04
1585271561336670909,2025-07-04
1585271561336724594,2025-07-04
1585271561336969686,2025-07-04
1585271561337043943,2025-07-04
1594284945847356872,2025-07-04
1954572816503618427,2025-07-04
2305848744076623288,2025-07-04
2315410463079109376,2025-07-04
2458979132178470784,2025-07-04
2531033574337168760,2025-07-04
2738194092690289068,2025-07-04
2882311017076510594,2025-07-04
3036636971506289025,2025-07-04
3467784016540725312,2025-07-04
3828751370547352448,2025-07-04
4404532600794809539,2025-07-04
4404534071669054080,2025-07-04
5269222877690299145,2025-07-04
5332267584642577440,2025-07-04
5413337214202460145,2025-07-04
5557454354232676289,2025-07-04
5629513220079284288,2025-07-04
6052843385257647299,2025-07-04
6495489739328867520,2025-07-04
6629304165209877937,2025-07-04
6710563242055037760,2025-07-04
6710896979337277376,2025-07-04
7277824441388353957,2025-07-04
8502803222098581352,2025-07-04
4844634155891,2025-07-05
801651201304655618,2025-07-05
1233998612444276546,2025-07-05
1522229159996371777,2025-07-05
1585271561336630741,2025-07-05
1585271561336670909,2025-07-05
1585271561336707200,2025-07-05
1585271561336808997,2025-07-05
1585271561336812739,2025-07-05
1585271561336866220,2025-07-05
1585271561336888673,2025-07-05
1585271561336942081,2025-07-05
1594285565167032960,2025-07-05
2305848744076623062,2025-07-05
2386919226766870234,2025-07-05
2531033574337168760,2025-07-05
2738194092690289068,2025-07-05
3530829233426743327,2025-07-05
3891115984388077661,2025-07-05
3891117339130576665,2025-07-05
5053051273388341058,2025-07-05
5332267584642577308,2025-07-05
6052843423965704109,2025-07-05
6133914376630410496,2025-07-05
6205972534687143104,2025-07-05
6206713408210110976,2025-07-05
6341075541957838209,2025-07-05
6557246880847484935,2025-07-05
6629304165209876803,2025-07-05
6629304165209877529,2025-07-05
6629304165209877741,2025-07-05
6629304165209877921,2025-07-05
6629304165209878003,2025-07-05
6710896979337277376,2025-07-05
6845478451388876609,2025-07-05
7070798109441057792,2025-07-05
7493995542453564627,2025-07-05
7719181224280448770,2025-07-05
7791241212634245504,2025-07-05
8152048815860054656,2025-07-05
8430745724812681766,2025-07-05
9007204939872883111,2025-07-05
4844634155853,2025-07-06
5034735007919,2025-07-06
81078672694338816,2025-07-06
360293909705804580,2025-07-06
576467810957597286,2025-07-06
648524241621891017,2025-07-06
875138280095426112,2025-07-06
1234809583742113409,2025-07-06
1585271561336616170,2025-07-06
1585271561336777542,2025-07-06
1585271561336792168,2025-07-06
1585271561336914956,2025-07-06
1585271561336979665,2025-07-06
1666344126885336448,2025-07-06
1738401389149752705,2025-07-06
1738403280270865088,2025-07-06
2017618760585039891,2025-07-06
2305848744076622743,2025-07-06
2305848744076623062,2025-07-06
2305848744076623736,2025-07-06
2388215708434570752,2025-07-06
2449965110012013004,2025-07-06
2458979315686200704,2025-07-06
2531033574337167351,2025-07-06
2738194092690289729,2025-07-06
2882308749924541139,2025-07-06
3098482975285223429,2025-07-06
3395726566295387138,2025-07-06
3530829233426742382,2025-07-06
3602887643133244608,2025-07-06
3602897003238989568,2025-07-06
3747000630363940380,2025-07-06
3900130006549141184,2025-07-06
3972185637577204576,2025-07-06
4251405386734625175,2025-07-06
4332475200292245888,2025-07-06
4683751465214273270,2025-07-06
5198136641676584448,2025-07-06
5269224077618123200,2025-07-06
6052843423965704109,2025-07-06
6052843423965704835,2025-07-06
6629304165209876517,2025-07-06
6629304165209879016,2025-07-06
7070663956211113984,2025-07-06
7142785589095501632,2025-07-06
7214778265081627969,2025-07-06
7864636896608235520,2025-07-06
5034735007817,2025-07-07
153131660580729346,2025-07-07
226944985535436544,2025-07-07
1585271561336611272,2025-07-07
1585271561336704203,2025-07-07
1585271561336724594,2025-07-07
1585271561336729255,2025-07-07
1585271561336866220,2025-07-07
1585271561336878328,2025-07-07
1585271561336955294,2025-07-07
1585271561336973488,2025-07-07
1585271561337052854,2025-07-07
1738401389149752705,2025-07-07
1738421652124963520,2025-07-07
2233792637557835906,2025-07-07
2305848744076623062,2025-07-07
2449965668495115531,2025-07-07
3467783911479848960,2025-07-07
3747000630363940472,2025-07-07
4261158474248281664,2025-07-07
4323463152188622760,2025-07-07
4332475200292245888,2025-07-07
4683751796991281324,2025-07-07
4980991965168188033,2025-07-07
5269224077618120451,2025-07-07
5413337214202462653,2025-07-07
5557454354232677057,2025-07-07
5630684123440643457,2025-07-07
5980787599406315131,2025-07-07
7277824828470396098,2025-07-07
7575067590023580160,2025-07-07
7864636896608235520,2025-07-07
8152567785348404544,2025-07-07
8511814487741101120,2025-07-07
5034735007817,2025-07-08
72064849589778856,2025-07-08
513421444474232492,2025-07-08
648524241621891017,2025-07-08
1585271561336662224,2025-07-08
1585271561336699492,2025-07-08
1585271561336724594,2025-07-08
1585271561336792168,2025-07-08
1585271561336925056,2025-07-08
1585271561337012619,2025-07-08
1594286234250459457,2025-07-08
2305848744076623288,2025-07-08
2305848744076624198,2025-07-08
2531033574337167351,2025-07-08
2891323557308657986,2025-07-08
3035438529728160640,2025-07-08
4107288419676846194,2025-07-08
4260414509684124353,2025-07-08
4611691438142762186,2025-07-08
4694436396688282240,2025-07-08
4836877772415165249,2025-07-08
4908932640371863937,2025-07-08
5054355268277353088,2025-07-08
5332267584642577308,2025-07-08
5413337214202460341,2025-07-08
5836672477688188876,2025-07-08
6052843385257647299,2025-07-08
6061856428691210627,2025-07-08
6629304165209876671,2025-07-08
7070663956211113984,2025-07-08
7070663956211116673,2025-07-08
7782225885427882465,2025-07-08
7864636896608235520,2025-07-08
7926340078215188296,2025-07-08
8945289551644854145,2025-07-08
5034735007817,2025-07-09
441365747090418625,2025-07-09
1018963141805652736,2025-07-09
1585271561336618120,2025-07-09
1585271561336662224,2025-07-09
1585271561336807521,2025-07-09
1585271561336867515,2025-07-09
1585271561336879976,2025-07-09
1585271561336892046,2025-07-09
1585271561337012029,2025-07-09
1585271561337012619,2025-07-09
1585271561337013050,2025-07-09
1585271561337036307,2025-07-09
1585271561337038249,2025-07-09
1585271561337042922,2025-07-09
1594286942038495744,2025-07-09
2089678234678291312,2025-07-09
2098688032227592276,2025-07-09
2305848744076623288,2025-07-09
2531033574337167351,2025-07-09
2738194092690289674,2025-07-09
2891322136194116241,2025-07-09
3251611063009623488,2025-07-09
3314656874364763101,2025-07-09
3963174951955399720,2025-07-09
4107288419676846176,2025-07-09
4261958730707021056,2025-07-09
4332475006756913344,2025-07-09
4621288485247139456,2025-07-09
5054355268277353088,2025-07-09
6052843423965704707,2025-07-09
6485190696845707603,2025-07-09
7349882588402794305,2025-07-09
7782225885427882465,2025-07-09
7926341023773842852,2025-07-09
8583872020953723200,2025-07-09
8944159714662945224,2025-07-09
288237434123658753,2025-07-10
360293909705804778,2025-07-10
369305952269615221,2025-07-10
936754186446804199,2025-07-10
1585271561336649319,2025-07-10
1585271561336700081,2025-07-10
1585271561336746261,2025-07-10
1585271561336799081,2025-07-10
1585271561336872859,2025-07-10
1585271561337003723,2025-07-10
1585271561337012619,2025-07-10
1585271561337036299,2025-07-10
1594286234250459457,2025-07-10
1954573939019829505,2025-07-10
2089678234678291312,2025-07-10
2098690509497975936,2025-07-10
2738194092690289693,2025-07-10
2810253226712729109,2025-07-10
4116348389294694784,2025-07-10
4261308455727522880,2025-07-10
4694146125618540160,2025-07-10
4755806029018135186,2025-07-10
5053051190437830144,2025-07-10
5054355268277353088,2025-07-10
5332267584642577351,2025-07-10
5332267584642577443,2025-07-10
5836672477688188876,2025-07-10
5917738752920380672,2025-07-10
6052843423965704511,2025-07-10
6341074104264854133,2025-07-10
6629304165209876826,2025-07-10
7277824441388353947,2025-07-10
7935353580615477845,2025-07-10
8511814487741101120,2025-07-10
8791033531835244932,2025-07-10
8945289551644854145,2025-07-10
5034735006434,2025-07-11
360293909705804778,2025-07-11
792639191900656782,2025-07-11
1585271561336652629,2025-07-11
1585271561336876649,2025-07-11
1585271561336891123,2025-07-11
1585271561336939603,2025-07-11
1585271561336948533,2025-07-11
1585271561337000671,2025-07-11
1585271561337006492,2025-07-11
1585271561337012619,2025-07-11
1585271561337020163,2025-07-11
1585271561337049505,2025-07-11
1884243144007244032,2025-07-11
2089678234678291312,2025-07-11
2170747290681326786,2025-07-11
2315410463079109376,2025-07-11
2738194092690289029,2025-07-11
2738194092690289787,2025-07-11
2891324740640621377,2025-07-11
2954378529708668681,2025-07-11
3530829233426742997,2025-07-11
4683751465214273270,2025-07-11
4980991965168188033,2025-07-11
6052843423965704462,2025-07-11
6061858568653267968,2025-07-11
6196958805535046227,2025-07-11
6341072931965191782,2025-07-11
6341074104264854133,2025-07-11
6485190696845707603,2025-07-11
6494204680310919553,2025-07-11
6566260858770264576,2025-07-11
7214778265081628545,2025-07-11
7430950931072305153,2025-07-11
7430951296027747392,2025-07-11
7791241212634248768,2025-07-11
8511814487741101120,2025-07-11
8800699037240317312,2025-07-11
8935148960500687616,2025-07-11
9079264347632290274,2025-07-11
4844634155853,2025-07-12
5034735007817,2025-07-12
5034735007839,2025-07-12
288238013253976449,2025-07-12
875138280095426112,2025-07-12
945767318361640843,2025-07-12
1008813765626955268,2025-07-12
1306055321721055702,2025-07-12
1450167894921154432,2025-07-12
1585271561336613792,2025-07-12
1585271561336670909,2025-07-12
1585271561336720000,2025-07-12
1585271561336970119,2025-07-12
1585271561336989842,2025-07-12
1585271561337011327,2025-07-12
1585271561337036299,2025-07-12
2098690509497975936,2025-07-12
2170746759837790082,2025-07-12
2242804895778101824,2025-07-12
2377907662666834967,2025-07-12
2738194092690289693,2025-07-12
3035438529728160640,2025-07-12
3323668325271603393,2025-07-12
3674945297996420289,2025-07-12
3684346221097551104,2025-07-12
3963175209649622991,2025-07-12
4692759896965140290,2025-07-12
4908937353777222208,2025-07-12
4981083796812416512,2025-07-12
4982218476223735616,2025-07-12
5332267584642577320,2025-07-12
5413338585548960451,2025-07-12
5773626760334395267,2025-07-12
6341074104264849629,2025-07-12
6629304165209877384,2025-07-12
7133709247784472837,2025-07-12
7430950931072305153,2025-07-12
7430951273908204928,2025-07-12
8800849256802306944,2025-07-12
8872103851395035073,2025-07-12
9088275953371785088,2025-07-12
9089272665615484736,2025-07-12
153134773740665347,2025-07-13
369305952269615221,2025-07-13
513421936608554178,2025-07-13
945767318361640843,2025-07-13
1306055277490833993,2025-07-13
1369101741337283461,2025-07-13
1585271561336617155,2025-07-13
1585271561336670909,2025-07-13
1585271561336693500,2025-07-13
1585271561336768127,2025-07-13
1585271561336837580,2025-07-13
1585271561336934288,2025-07-13
1585271561337003723,2025-07-13
1585271561337015543,2025-07-13
1585271561337040283,2025-07-13
1729388589032331653,2025-07-13
1729390231323623488,2025-07-13
1738401389149753088,2025-07-13
1810459276254851137,2025-07-13
1954574232086767297,2025-07-13
2449965110012012684,2025-07-13
4107288419676846159,2025-07-13
4405396558794621376,2025-07-13
5332269562722801529,2025-07-13
5404326610889164485,2025-07-13
5548441990942657024,2025-07-13
6052843385257647256,2025-07-13
6495489739328867520,2025-07-13
6854490180147621888,2025-07-13
7143550849188499200,2025-07-13
7493996875135986836,2025-07-13
8367700483004796481,2025-07-13
8872103851395035840,2025-07-13
8872103851395040128,2025-07-13
369305952269615221,2025-07-14
442932828512505024,2025-07-14
576465923186619464,2025-07-14
792639673001540995,2025-07-14
801651201304652617,2025-07-14
947380652970629312,2025-07-14
1234809583742113409,2025-07-14
1585271561336670909,2025-07-14
1585271561336693500,2025-07-14
1585271561336706622,2025-07-14
1585271561336883511,2025-07-14
1585271561336911990,2025-07-14
1585271561336939603,2025-07-14
1585271561337003723,2025-07-14
1585271561337019454,2025-07-14
1585271561337041337,2025-07-14
1585271561337050126,2025-07-14
1945561426443112146,2025-07-14
2098691289167688257,2025-07-14
2305848744076623089,2025-07-14
2594081260232705685,2025-07-14
3036618914833532544,2025-07-14
3539841704581793024,2025-07-14
3756013447131138703,2025-07-14
3756013447131138769,2025-07-14
3891115984388077708,2025-07-14
3963174951955399720,2025-07-14
4251405950763377216,2025-07-14
4620707992873814016,2025-07-14
4908935609760526337,2025-07-14
4908937353777221953,2025-07-14
5054698614502523200,2025-07-14
5116096277414530244,2025-07-14
6052843423965704118,2025-07-14
6341074104264854106,2025-07-14
6341074104264855981,2025-07-14
6629304165209876610,2025-07-14
6629304165209877635,2025-07-14
6629304165209878341,2025-07-14
6629304165209879034,2025-07-14
7142785589095501632,2025-07-14
7143550849188499200,2025-07-14
7791239233038935745,2025-07-14
9007204939872883170,2025-07-14
9007204939872883266,2025-07-14
5034735007326,2025-07-15
5034735007817,2025-07-15
442149976233456704,2025-07-15
792640588831739337,2025-07-15
945764897014134721,2025-07-15
1234000039061637954,2025-07-15
1378113689911307329,2025-07-15
1441159783276051102,2025-07-15
1585271561336667284,2025-07-15
1585271561336670909,2025-07-15
1585271561336768500,2025-07-15
1585271561336878773,2025-07-15
1585271561336957025,2025-07-15
1585271561337032322,2025-07-15
1585271561337041337,2025-07-15
1585271561337048914,2025-07-15
1739855415287684224,2025-07-15
1810945949134984896,2025-07-15
2233792637557835906,2025-07-15
2305848744076621797,2025-07-15
2386920338217061377,2025-07-15
2449965262016764108,2025-07-15
2603093573757477760,2025-07-15
2738194092690289068,2025-07-15
3386713974243437648,2025-07-15
3747002410952559424,2025-07-15
3901143088939080448,2025-07-15
4261457657532782784,2025-07-15
4764817325728901697,2025-07-15
5054355268277353088,2025-07-15
5548441990942654369,2025-07-15
6052843385257647256,2025-07-15
6341074104264852706,2025-07-15
6413132924049771908,2025-07-15
6629304165209877113,2025-07-15
6629304165209879016,2025-07-15
7142785589095501632,2025-07-15
8718974580309866967,2025-07-15
576467810957597286,2025-07-16
729595702993858241,2025-07-16
801652528411721920,2025-07-16
802025055362232768,2025-07-16
802341714711045824,2025-07-16
802429675641271424,2025-07-16
945764897014134721,2025-07-16
1233997180257176773,2025-07-16
1234000039061637954,2025-07-16
1369101741337282579,2025-07-16
1585271561336620249,2025-07-16
1585271561336647877,2025-07-16
1585271561336878967,2025-07-16
1585271561337033274,2025-07-16
1585271561337037325,2025-07-16
1585271561337041337,2025-07-16
1585271561337043287,2025-07-16
1954572816503618427,2025-07-16
2738194092690289061,2025-07-16
2738194092690289707,2025-07-16
3251609575546333699,2025-07-16
3467784016540726144,2025-07-16
3530830270264483540,2025-07-16
3891115984388077661,2025-07-16
3891117339130576500,2025-07-16
4467576858342743199,2025-07-16
4620703683897942292,2025-07-16
4764817325728907136,2025-07-16
5116096277414528843,2025-07-16
5188154264055125095,2025-07-16
5332267584642577308,2025-07-16
5629513342402052418,2025-07-16
5836672953232509453,2025-07-16
6052843385257647256,2025-07-16
6061856428691210627,2025-07-16
6133915128677064322,2025-07-16
6341074104264853342,2025-07-16
6413132928739243478,2025-07-16
6629304165209879016,2025-07-16
7791241212634245504,2025-07-16
8718974580309867140,2025-07-16
8728518817701585984,2025-07-16
8863090172069209089,2025-07-16
8944181243923981696,2025-07-16
9079274105886290176,2025-07-16
5034735007283,2025-07-17
153134458553130817,2025-07-17
442149976233456704,2025-07-17
657538097896226498,2025-07-17
802341714711045824,2025-07-17
945766992112357711,2025-07-17
1234000039061637954,2025-07-17
1378112445748263814,2025-07-17
1513216533926153987,2025-07-17
1522239587313476288,2025-07-17
1585271561336649319,2025-07-17
1585271561336659765,2025-07-17
1585271561336752154,2025-07-17
1585271561337052854,2025-07-17
1585274296737055645,2025-07-17
1594456296228688960,2025-07-17
1738421652124963520,2025-07-17
1810459314961888513,2025-07-17
1954572816503618427,2025-07-17
2305848744076623859,2025-07-17
2315410463079109376,2025-07-17
5053051190437830144,2025-07-17
5116096277414528843,2025-07-17
5125788643857464833,2025-07-17
5413337214202461713,2025-07-17
6061859049728064640,2025-07-17
6485190696845706701,2025-07-17
6566260261574333184,2025-07-17
6629304165209877306,2025-07-17
6629304165209878223,2025-07-17
6854845213063327936,2025-07-17
7782225885427882725,2025-07-17
8367700322646865281,2025-07-17
792639191900656652,2025-07-18
1585271561336637637,2025-07-18
1585271561336925056,2025-07-18
1585271561337018173,2025-07-18
1585271561337025894,2025-07-18
1585271561337043287,2025-07-18
1811781577972156032,2025-07-18
1954572816503618427,2025-07-18
2387572825029727232,2025-07-18
2882308749924541139,2025-07-18
2891322904814631489,2025-07-18
3323785317624181504,2025-07-18
3747000630363940378,2025-07-18
3828751370547352448,2025-07-18
4755806029018135186,2025-07-18
4764817325728907200,2025-07-18
5269824042523099520,2025-07-18
6052843423965704320,2025-07-18
6422145316800824194,2025-07-18
6701361217345428273,2025-07-18
6701361217345430821,2025-07-18
6854491295748131010,2025-07-18
8007413309079151424,2025-07-18
8584535786888479488,2025-07-18
81075537411025938,2025-07-19
585481725913662850,2025-07-19
792639191900656652,2025-07-19
947485702835762688,2025-07-19
1089884978166962816,2025-07-19
1585271561336618120,2025-07-19
1585271561336650970,2025-07-19
1585271561336808997,2025-07-19
1585271561336939603,2025-07-19
1585271561336940256,2025-07-19
1585271561337025894,2025-07-19
1585271561337030719,2025-07-19
1585271561337037325,2025-07-19
1954572816503618427,2025-07-19
2386918729101108450,2025-07-19
2531033574337165035,2025-07-19
2531033574337167351,2025-07-19
2738194092690289674,2025-07-19
3036777244507937536,2025-07-19
3098483602160404120,2025-07-19
3891117339130576500,2025-07-19
3963174731014708820,2025-07-19
5116096277414530917,2025-07-19
6061858568653267968,2025-07-19
6413133404652387242,2025-07-19
7143550849188499200,2025-07-19
7349881930372709760,2025-07-19
7782225885427882401,2025-07-19
8945289551644854145,2025-07-19
360293909705804759,2025-07-20
442405311763283456,2025-07-20
442950420698550144,2025-07-20
576467810957597286,2025-07-20
585481725913662850,2025-07-20
658807267859499264,2025-07-20
1585271561336662224,2025-07-20
1585271561336677835,2025-07-20
1585271561336922697,2025-07-20
1585271561337012374,2025-07-20
1585271561337024794,2025-07-20
1585271561337034788,2025-07-20
1585271561337048751,2025-07-20
1954572816503618427,2025-07-20
2305848744076622696,2025-07-20
2386918729101108450,2025-07-20
2460299093554921792,2025-07-20
2810253572328673294,2025-07-20
2891323026468668225,2025-07-20
3900130399151679296,2025-07-20
4116348389294694784,2025-07-20
4693742041710825088,2025-07-20
4764817325728901697,2025-07-20
5125595129810968512,2025-07-20
5764614806234615889,2025-07-20
5764614858704116314,2025-07-20
6061859049728065089,2025-07-20
6124902627122868257,2025-07-20
6134841389232878016,2025-07-20
6135113360308368000,2025-07-20
6629304165209876517,2025-07-20
6629304165209876610,2025-07-20
6629304165209877635,2025-07-20
6989592478251127572,2025-07-20
7071730495301498368,2025-07-20
7349881930372709760,2025-07-20
7493995542453564627,2025-07-20
8502803222098581352,2025-07-20
9007204939872883048,2025-07-20
945766992112357711,2025-07-21
1224986448198667714,2025-07-21
1513216533926154380,2025-07-21
1585271561336969686,2025-07-21
1585271561337012374,2025-07-21
1594992857903069825,2025-07-21
1954572816503618427,2025-07-21
2171162808295697920,2025-07-21
2233792637557837251,2025-07-21
2386919846102515585,2025-07-21
3674943108267374674,2025-07-21
4332476184562103680,2025-07-21
4332476682224603969,2025-07-21
4406223391538753408,2025-07-21
4620804053167465280,2025-07-21
5044039385649898752,2025-07-21
5053050012633475100,2025-07-21
5116096277414530917,2025-07-21
5332267584642577320,2025-07-21
5404326610889164485,2025-07-21
5413337214202458699,2025-07-21
6052843423965704312,2025-07-21
6061856428691210627,2025-07-21
6061859049728065089,2025-07-21
6341074104264852447,2025-07-21
6629304165209876610,2025-07-21
6629304165209878990,2025-07-21
6710563242055037760,2025-07-21
6782434890573854912,2025-07-21
7421937771504245263,2025-07-21
7791241212634245504,2025-07-21
8727990074356778752,2025-07-21
8935147025123496477,2025-07-21
360293909705804659,2025-07-22
792639191900656752,2025-07-22
1522327548243721536,2025-07-22
1585271561336662224,2025-07-22
1585271561336700081,2025-07-22
1585271561336717572,2025-07-22
1585271561336768127,2025-07-22
1585271561336950266,2025-07-22
1585271561336969544,2025-07-22
1585271561336985149,2025-07-22
1585271561336987845,2025-07-22
1585271561337033274,2025-07-22
1666343015431464640,2025-07-22
1954573939019829505,2025-07-22
2305848744076624014,2025-07-22
2386919846102515585,2025-07-22
2531033574337164798,2025-07-22
3036135594203998528,2025-07-22
3458771664316827264,2025-07-22
3611898983435468929,2025-07-22
4035232106963127754,2025-07-22
4261308455727522880,2025-07-22
4764817325728903810,2025-07-22
4908935195035266433,2025-07-22
5188154264055125217,2025-07-22
5629512976778660864,2025-07-22
5764614858704116547,2025-07-22
5980787364025192643,2025-07-22
5980787599406315173,2025-07-22
6629304165209877571,2025-07-22
6629304165209879016,2025-07-22
7133709247784472837,2025-07-22
7647124409916184322,2025-07-22
7719182053721748033,2025-07-22
8070457953695831297,2025-07-22
8430745724812681766,2025-07-22
8872103381380756162,2025-07-22
9007204939872883266,2025-07-22
441361688982362880,2025-07-23
513421936608554178,2025-07-23
576467810957597286,2025-07-23
792639191900656652,2025-07-23
936756002501340111,2025-07-23
1297043019275485478,2025-07-23
1585271561336707200,2025-07-23
1585271561336765379,2025-07-23
1585271561336866220,2025-07-23
1585271561336901830,2025-07-23
1585271561336912413,2025-07-23
1585271561336915000,2025-07-23
1585271561337003723,2025-07-23
1585271561337011622,2025-07-23
1585271561337012374,2025-07-23
1585271561337032322,2025-07-23
1585271561337041337,2025-07-23
1585271561337045761,2025-07-23
2315718326334908096,2025-07-23
2458976295491272520,2025-07-23
2531033574337165035,2025-07-23
2738194092690289068,2025-07-23
3036135594203998528,2025-07-23
3611898983435468034,2025-07-23
3963175104584410389,2025-07-23
4692759896965140290,2025-07-23
4693143371013972608,2025-07-23
5269224077618129344,2025-07-23
5269225437896844992,2025-07-23
5908730160197041621,2025-07-23
5990576595729602240,2025-07-23
6061856428691210627,2025-07-23
6341074104264855705,2025-07-23
6629304165209877571,2025-07-23
6629304165209878003,2025-07-23
6998605554852324737,2025-07-23
7421939452518497488,2025-07-23
7719181970776511680,2025-07-23
7998400403885849124,2025-07-23
9019569075740289,2025-07-24
1297043019275485478,2025-07-24
1369101347001709768,2025-07-24
1585271561336617583,2025-07-24
1585271561336649319,2025-07-24
1585271561336714584,2025-07-24
1585271561336768127,2025-07-24
1585271561336911990,2025-07-24
1585271561336939603,2025-07-24
1585271561336994142,2025-07-24
1585271561337041337,2025-07-24
1585271561337048914,2025-07-24
1585274468154761733,2025-07-24
1738421652124963520,2025-07-24
1811781577972156032,2025-07-24
1954573939019829505,2025-07-24
2449965262016764108,2025-07-24
2531033574337168760,2025-07-24
2738194092690289068,2025-07-24
2954367870147816203,2025-07-24
3035439740714155136,2025-07-24
3098482975285223429,2025-07-24
3107495819638266880,2025-07-24
3458771820566641907,2025-07-24
3900129160522843840,2025-07-24
3963174951955399358,2025-07-24
4188358270391977115,2025-07-24
4188358369920040000,2025-07-24
5116096277414531695,2025-07-24
5269225437896844992,2025-07-24
5836672162506748480,2025-07-24
6052843423965704511,2025-07-24
6196961000847500672,2025-07-24
6341072931965191817,2025-07-24
6341074104264852110,2025-07-24
6566258848326450200,2025-07-24
6566261173957204864,2025-07-24
6629304165209876517,2025-07-24
6629304165209878003,2025-07-24
6629304165209878404,2025-07-24
6917536399313464325,2025-07-24
7000147901829877888,2025-07-24
7421939452518496470,2025-07-24
7647124459683660802,2025-07-24
7791241212634248768,2025-07-24
8367699869220523521,2025-07-24
8430745724812681766,2025-07-24
9007204939872883172,2025-07-24
576467810957597286,2025-07-25
874294004464681344,2025-07-25
945767174589347532,2025-07-25
1522228828218256770,2025-07-25
1585271561336633756,2025-07-25
1585271561336714584,2025-07-25
1585271561336731414,2025-07-25
1585271561336873130,2025-07-25
1585271561336924641,2025-07-25
1585271561336982180,2025-07-25
1585271561336989324,2025-07-25
1585271561336994742,2025-07-25
1585271561336995405,2025-07-25
1585271561337012029,2025-07-25
1585274423917697043,2025-07-25
1738401682216574849,2025-07-25
1954573939019829505,2025-07-25
2243246602605790784,2025-07-25
2387572825029727232,2025-07-25
2449965262016764108,2025-07-25
2738194092690289068,2025-07-25
2738194092690289718,2025-07-25
4406223391538753408,2025-07-25
4899922101829706307,2025-07-25
4980991965168188033,2025-07-25
5044039385649898752,2025-07-25
5269225437896844992,2025-07-25
5332267584642577280,2025-07-25
6341074104264853896,2025-07-25
6494698090956842368,2025-07-25
6629304165209877527,2025-07-25
6629304165209878736,2025-07-25
6845478493809504327,2025-07-25
6927737971451443776,2025-07-25
7000015960434541120,2025-07-25
7719182053721744961,2025-07-25
7926341023773842852,2025-07-25
8007413447319366720,2025-07-25
9007204635750639287,2025-07-25
576467810957597286,2025-07-26
792639673001540995,2025-07-26
1306055918923481346,2025-07-26
1585271561337012374,2025-07-26
1594285565167032960,2025-07-26
2242805481916280257,2025-07-26
2305848744076622362,2025-07-26
2676102810245518080,2025-07-26
2738194092690289034,2025-07-26
3242598857385037293,2025-07-26
3613124770343840705,2025-07-26
3828751370547352448,2025-07-26
4332476682224605632,2025-07-26
5332267584642577112,2025-07-26
5332267584642577308,2025-07-26
5764615010830211364,2025-07-26
6196960147642319177,2025-07-26
6341074104264855981,2025-07-26
6413133404652387490,2025-07-26
6566258848326450200,2025-07-26
6629304165209876826,2025-07-26
6629304165209878990,2025-07-26
7430951296027747843,2025-07-26
7493996875135986974,2025-07-26
8214571571366848933,2025-07-26
8430745724812681766,2025-07-26
8430746051069922433,2025-07-26
8574860749468303938,2025-07-26
9007204939872883111,2025-07-26
504410216844887383,2025-07-27
513421936608554178,2025-07-27
576467810957597286,2025-07-27
585481725913663745,2025-07-27
658983189719959233,2025-07-27
720580779483787630,2025-07-27
801651925687944582,2025-07-27
802429675641271424,2025-07-27
1008814384946819266,2025-07-27
1369101347001710021,2025-07-27
1585271561336618120,2025-07-27
1585271561336660127,2025-07-27
1585271561336688933,2025-07-27
1585271561336866220,2025-07-27
1585271561336882511,2025-07-27
1585271561336926023,2025-07-27
1585271561336979665,2025-07-27
1585271561336990397,2025-07-27
1585271561337034908,2025-07-27
2305848744076623803,2025-07-27
2676102810245518080,2025-07-27
2738194092690289087,2025-07-27
2810253572328672833,2025-07-27
3036416704227081920,2025-07-27
3828751370547352448,2025-07-27
3963174731014708820,2025-07-27
4332476682224603906,2025-07-27
4332476682224605632,2025-07-27
4683751454157203671,2025-07-27
4899922101829706307,2025-07-27
5413337214202459303,2025-07-27
5764615010830211364,2025-07-27
5989801510985421761,2025-07-27
6196958805535046227,2025-07-27
6196960145816224397,2025-07-27
6278735978234865280,2025-07-27
6341074104264853949,2025-07-27
6629304165209877527,2025-07-27
7286836179836408576,2025-07-27
7421939325345059009,2025-07-27
7719181224280448770,2025-07-27
8214571571366848933,2025-07-27
8430745724812681766,2025-07-27
8511817191720792833,2025-07-27
8574860749468303938,2025-07-27
8791033899596157859,2025-07-27
5034735006857,2025-07-28
369307611172953922,2025-07-28
576467810957597286,2025-07-28
1089883883305158592,2025-07-28
1369101347001709768,2025-07-28
1441157903221328601,2025-07-28
1585271561336609539,2025-07-28
1585271561336713719,2025-07-28
1585271561336768127,2025-07-28
1585271561336901830,2025-07-28
1585271561336918934,2025-07-28
1585271561336939603,2025-07-28
1585271561336953913,2025-07-28
1585271561337003723,2025-07-28
1585271561337023699,2025-07-28
1585271561337051825,2025-07-28
3539841610578589056,2025-07-28
3747000630363940240,2025-07-28
4476589022556912768,2025-07-28
4837337629923812032,2025-07-28
5044039385649898752,2025-07-28
5053051190437830144,2025-07-28
5054311514524504576,2025-07-28
5413337214202462653,2025-07-28
5413337214202463640,2025-07-28
5989801510985426369,2025-07-28
6278630425118592896,2025-07-28
6341072931965192431,2025-07-28
6494204680310920256,2025-07-28
6629304165209876803,2025-07-28
6629304165209878003,2025-07-28
8727990074356778752,2025-07-28
81077505949385027,2025-07-29
576467810957597286,2025-07-29
657537196568801346,2025-07-29
873986025087426048,2025-07-29
1522327548243721536,2025-07-29
1585271561336664412,2025-07-29
1585271561336684477,2025-07-29
1585271561336768500,2025-07-29
1585271561336849394,2025-07-29
1585271561336859571,2025-07-29
1585271561336901830,2025-07-29
1585271561336902933,2025-07-29
1585271561336915000,2025-07-29
1585271561336969686,2025-07-29
1585271561336993928,2025-07-29
1585271561337003723,2025-07-29
1585271561337041917,2025-07-29
1585271561337050252,2025-07-29
2305848744076622405,2025-07-29
2305848744076623859,2025-07-29
2387572825029727232,2025-07-29
2676102810245518080,2025-07-29
3107495819638266880,2025-07-29
3323785317624181504,2025-07-29
3467784016540726144,2025-07-29
3819059905448883660,2025-07-29
4332476682224605632,2025-07-29
5044038169132515350,2025-07-29
5044039385649898752,2025-07-29
5269222877690299204,2025-07-29
5629513342402051584,2025-07-29
5629848815320820608,2025-07-29
5692557201135915154,2025-07-29
5692557201135915836,2025-07-29
5701569099948068865,2025-07-29
5764613821978702687,2025-07-29
5764614806234616984,2025-07-29
5764615010830211364,2025-07-29
6196960145816224397,2025-07-29
6196960145816224833,2025-07-29
6269016405102145823,2025-07-29
6629304165209876650,2025-07-29
6711627055058155776,2025-07-29
8656751577658210240,2025-07-29
8656829890936839488,2025-07-29
8801587602994100992,2025-07-29
225915842651795840,2025-07-30
441939118833085120,2025-07-30
576467810957597286,2025-07-30
792640588831739528,2025-07-30
875393366793077760,2025-07-30
1585271561336662224,2025-07-30
1585271561336915000,2025-07-30
1585271561336944156,2025-07-30
1585271561336980005,2025-07-30
1585271561337003723,2025-07-30
1585271561337014179,2025-07-30
1585271561337015017,2025-07-30
1585271561337024396,2025-07-30
1945560541685068877,2025-07-30
2738194092690289029,2025-07-30
2738194092690289729,2025-07-30
2882311520272393920,2025-07-30
3242598913584033009,2025-07-30
3251609575546333699,2025-07-30
4899922101829706137,2025-07-30
4980991965168188033,2025-07-30
5332267584642577438,2025-07-30
5413337214202459303,2025-07-30
5413337214202460145,2025-07-30
5764614858704116547,2025-07-30
5764615010830211364,2025-07-30
5918087169164797888,2025-07-30
6638317562537834370,2025-07-30
6701361217345428237,2025-07-30
7277824441388353957,2025-07-30
7286835908884542209,2025-07-30
7430950931072303937,2025-07-30
7719183474830902656,2025-07-30
7791239233038936448,2025-07-30
7791241212634248768,2025-07-30
8214571128982578588,2025-07-30
8656829890936839488,2025-07-30
9089615978663728320,2025-07-30
225192052591221314,2025-07-31
360295281038589837,2025-07-31
801651201304655618,2025-07-31
1162022737893971328,2025-07-31
1224987111768317378,2025-07-31
1306055277490834051,2025-07-31
1378112838350349660,2025-07-31
1379849379070761152,2025-07-31
1585271561336664412,2025-07-31
1585271561336684477,2025-07-31
1585271561336830888,2025-07-31
1585271561336980005,2025-07-31
1585271561336993878,2025-07-31
1585271561337023888,2025-07-31
1585271561337032322,2025-07-31
1585271561337043107,2025-07-31
2305848744076623048,2025-07-31
2738194092690289025,2025-07-31
2738194092690289029,2025-07-31
2819265587255210048,2025-07-31
3323668325271603393,2025-07-31
3469422876756188160,2025-07-31
3674943108267374686,2025-07-31
4107288419676846200,2025-07-31
4693213739758153216,2025-07-31
4694269270920854528,2025-07-31
4764817325728901697,2025-07-31
4980991965168188033,2025-07-31
5413337214202460651,2025-07-31
5764615010830211364,2025-07-31
5836672953232509292,2025-07-31
5980787599406315725,2025-07-31
6133914542520752257,2025-07-31
6196961000847504064,2025-07-31
6278028668904870082,2025-07-31
6485190517591018053,2025-07-31
6629304165209878911,2025-07-31
7421937771504245228,2025-07-31
7421939452518496470,2025-07-31
7493996875135986836,2025-07-31
7791239233038936448,2025-07-31
7863449612055842688,2025-07-31
8079469907788937793,2025-07-31
8286630365325210817,2025-07-31
8430745724812681766,2025-07-31
8656829890936839488,2025-07-31
5034735006231,2025-08-01
441361688982365506,2025-08-01
657537196568801346,2025-08-01
1234809583742113409,2025-08-01
1585271561336768127,2025-08-01
1585271561336808997,2025-08-01
1585271561336901830,2025-08-01
1585271561336927250,2025-08-01
1585271561337003582,2025-08-01
1585271561337020878,2025-08-01
1585271561337048751,2025-08-01
2233792637557836352,2025-08-01
2377907662666834967,2025-08-01
2458977252122155712,2025-08-01
2676102810245518080,2025-08-01
2738194092690289029,2025-08-01
2963380775332156289,2025-08-01
3395728048205573378,2025-08-01
3458771664316827264,2025-08-01
3467784016540726848,2025-08-01
3467784160333700032,2025-08-01
3674943108267374686,2025-08-01
3747002170039226160,2025-08-01
3963175104584410569,2025-08-01
4117334242970440768,2025-08-01
4404534281793752512,2025-08-01
4980991965168188033,2025-08-01
5053051190437830144,2025-08-01
5125108828712655936,2025-08-01
5269222877690299218,2025-08-01
6052843423965704588,2025-08-01
6341074104264854342,2025-08-01
6341075541957838209,2025-08-01
6629304165209878911,2025-08-01
6710374421143547864,2025-08-01
7071730495301498368,2025-08-01
7791239233038936448,2025-08-01
7791241212634245504,2025-08-01
9079264347632290274,2025-08-01
9019386599898176,2025-08-02
513421936608554178,2025-08-02
801651201304655618,2025-08-02
864698737912134848,2025-08-02
1008811808132899340,2025-08-02
1379092915070819776,2025-08-02
1585271561336642216,2025-08-02
1585271561336704978,2025-08-02
1585271561336768127,2025-08-02
1585271561336934288,2025-08-02
1585271561337023699,2025-08-02
1585271561337024460,2025-08-02
1585274479214059097,2025-08-02
1810690862437320704,2025-08-02
1956151497532999744,2025-08-02
2305848744076622376,2025-08-02
2666138259355546910,2025-08-02
3395728048205572032,2025-08-02
3395728048205573184,2025-08-02
3467784160333700032,2025-08-02
4404532838566918914,2025-08-02
4548647573216184770,2025-08-02
4548647678279506368,2025-08-02
4827866083748772483,2025-08-02
5188154264055124614,2025-08-02
6052843423965704420,2025-08-02
6061859049728065089,2025-08-02
6350087955005711682,2025-08-02
6422145316800824194,2025-08-02
6629304165209876304,2025-08-02
6629304165209878911,2025-08-02
6855293813807477632,2025-08-02
7144245215226032512,2025-08-02
7215309436985946432,2025-08-02
7286838098605874561,2025-08-02
7349882466748590080,2025-08-02
7430950853652252102,2025-08-02
7864636896608235520,2025-08-02
8367701594454496128,2025-08-02
8791033899596156877,2025-08-02
9007204939872883031,2025-08-02
9007204939872883285,2025-08-02
5034735005976,2025-08-03
225335593580788480,2025-08-03
288235994927349424,2025-08-03
441361688982362497,2025-08-03
513421118227062849,2025-08-03
576467810957597286,2025-08-03
648524241621891088,2025-08-03
875393366793077760,2025-08-03
1379092915070819776,2025-08-03
1585271561336642216,2025-08-03
1585271561336883786,2025-08-03
1585271561336939603,2025-08-03
1585271561336979207,2025-08-03
1585271561337012619,2025-08-03
1585271561337021320,2025-08-03
1585271561337038249,2025-08-03
1585271561337043287,2025-08-03
1585271561337053064,2025-08-03
1729388141130525804,2025-08-03
1729388589032331985,2025-08-03
2098689923357003713,2025-08-03
2594080439968917002,2025-08-03
2747957778956732736,2025-08-03
2882311337796875265,2025-08-03
2891323557308657986,2025-08-03
2963380814038313473,2025-08-03
3386714877606070081,2025-08-03
3674943108267374686,2025-08-03
3747000630363940378,2025-08-03
4323463152188622715,2025-08-03
4404532600794805250,2025-08-03
4548647573216187331,2025-08-03
4908935609760525954,2025-08-03
5053141523561189632,2025-08-03
5269222877690299218,2025-08-03
5269224077618120705,2025-08-03
5404326610889164485,2025-08-03
6052843385257647256,2025-08-03
6196960145816224397,2025-08-03
6341074104264855368,2025-08-03
6629304165209877879,2025-08-03
6855566942124378176,2025-08-03
6917536153237304707,2025-08-03
7782225973962771544,2025-08-03
7926341023773842966,2025-08-03
8214572793405073281,2025-08-03
513592170044611072,2025-08-04
586028244875143488,2025-08-04
648524241621891088,2025-08-04
1008811808132899340,2025-08-04
1018972009783960384,2025-08-04
1163553258079909952,2025-08-04
1234809583742113409,2025-08-04
1235689983777614464,2025-08-04
1585271561336650970,2025-08-04
1585271561336689109,2025-08-04
1585271561337009782,2025-08-04
1585271561337038249,2025-08-04
1594711382926345728,2025-08-04
3467784160333700032,2025-08-04
3747000630363940378,2025-08-04
3901231049869308352,2025-08-04
4261958730707021056,2025-08-04
4620705145135816385,2025-08-04
4764817325728904193,2025-08-04
4827866083748751168,2025-08-04
5044039385649898752,2025-08-04
5341282749928416897,2025-08-04
5980786504561921994,2025-08-04
6052843423965704805,2025-08-04
6206397648303574272,2025-08-04
6341074104264849925,2025-08-04
6422145316800824194,2025-08-04
6494258286305702144,2025-08-04
6566852862341670528,2025-08-04
6639455266640015296,2025-08-04
6782434890573854912,2025-08-04
7000147901829877888,2025-08-04
7421939452518496470,2025-08-04
7647122977748702231,2025-08-04
8367700483004796672,2025-08-04
8800042911955348868,2025-08-04
9089272665615484736,2025-08-04
441361688982362497,2025-08-05
504410762191814656,2025-08-05
658983189719959233,2025-08-05
874364257087396672,2025-08-05
936755082263721921,2025-08-05
945767318361640843,2025-08-05
946895922235440576,2025-08-05
1224996632231164864,2025-08-05
1585271561336618120,2025-08-05
1585271561336744152,2025-08-05
1585271561336878967,2025-08-05
1585271561336915000,2025-08-05
1585271561336920514,2025-08-05
1585271561337001264,2025-08-05
1585271561337002175,2025-08-05
1585271561337003723,2025-08-05
1585271561337021320,2025-08-05
1585271561337038479,2025-08-05
1585271561337042411,2025-08-05
1667876516070682816,2025-08-05
1729388141130525804,2025-08-05
2242804895778104131,2025-08-05
2314997046707036224,2025-08-05
2882311337796875265,2025-08-05
3036575033901487680,2025-08-05
3396757699807377792,2025-08-05
3467783911479848960,2025-08-05
3747000630363940378,2025-08-05
3901231049869308352,2025-08-05
4188358270391977115,2025-08-05
4406223391538753408,2025-08-05
4683749745517625109,2025-08-05
4692763109658534017,2025-08-05
4909958616282810688,2025-08-05
5116095829525861647,2025-08-05
5198136641676584448,2025-08-05
5413337407743933006,2025-08-05
5548441990942654369,2025-08-05
5630042329367316992,2025-08-05
5764614806234615889,2025-08-05
5764615010830211364,2025-08-05
5836672477688190152,2025-08-05
5980787599406315513,2025-08-05
6206871737884535232,2025-08-05
6341074104264851331,2025-08-05
6341074104264854133,2025-08-05
6557248337293371808,2025-08-05
6629304165209876832,2025-08-05
6629304165209877269,2025-08-05
7791239100327169984,2025-08-05
8007412236336256321,2025-08-05
8079470792529455296,2025-08-05
8367701594454496128,2025-08-05
8800042911955348868,2025-08-05
5034735007653,2025-08-06
369307611172934656,2025-08-06
946553516040883456,2025-08-06
1224986448198666823,2025-08-06
1585271561336630741,2025-08-06
1585271561336703668,2025-08-06
1585271561336878967,2025-08-06
1585271561336901830,2025-08-06
1585271561336925294,2025-08-06
1585271561336926077,2025-08-06
1585271561336948251,2025-08-06
1585271561337011501,2025-08-06
1585271561337048751,2025-08-06
1666345625407870272,2025-08-06
1873514497487928217,2025-08-06
2305848744076623320,2025-08-06
2387572825029727232,2025-08-06
2810253572328674212,2025-08-06
2882311337796875265,2025-08-06
3747000630363940378,2025-08-06
4107288419676846091,2025-08-06
4621288485247139456,2025-08-06
5053049603441780994,2025-08-06
5054768684649409472,2025-08-06
5197164686455953793,2025-08-06
5269225437896844992,2025-08-06
5332267584642577160,2025-08-06
5629513342402051584,2025-08-06
6061859049728065089,2025-08-06
6124902552406837260,2025-08-06
6205972534687143104,2025-08-06
6206537486349659776,2025-08-06
6422145316800824194,2025-08-06
6557246880847484935,2025-08-06
6566260858770264576,2025-08-06
6629304165209878404,2025-08-06
6629304165209878868,2025-08-06
6701361217345430749,2025-08-06
6701361217345430821,2025-08-06
7133708794362772802,2025-08-06
7215212679962697664,2025-08-06
7421939452518496470,2025-08-06
7719183474830902656,2025-08-06
7864636896608235520,2025-08-06
8152479824418179968,2025-08-06
8367701594454496128,2025-08-06
8511814487741101120,2025-08-06
369306588173643677,2025-08-07
442932828512505024,2025-08-07
801651201304651453,2025-08-07
801651201304655618,2025-08-07
875393366793077760,2025-08-07
1018435448109585216,2025-08-07
1585271561336650454,2025-08-07
1585271561336712661,2025-08-07
1585271561336757009,2025-08-07
1585271561336804690,2025-08-07
1585271561336828595,2025-08-07
1585271561336840314,2025-08-07
1585271561336878967,2025-08-07
1585271561336927682,2025-08-07
1585271561337002175,2025-08-07
1594286228719936706,2025-08-07
1729388589032331985,2025-08-07
1873514497487928217,2025-08-07
1945561990454462081,2025-08-07
2604256311380796096,2025-08-07
2738194092690289029,2025-08-07
2738194092690289726,2025-08-07
3242599910701477503,2025-08-07
3314656874364763048,2025-08-07
3395966305854640768,2025-08-07
3396616962319015616,2025-08-07
3747000630363940378,2025-08-07
3963174951955399571,2025-08-07
4116339792266941760,2025-08-07
4908935195035268034,2025-08-07
4909871003718182465,2025-08-07
4909958616282810688,2025-08-07
5054144278165766912,2025-08-07
5054768684649409472,2025-08-07
5054795299640746240,2025-08-07
5197164996113048095,2025-08-07
5269223972552621825,2025-08-07
5269225437896844992,2025-08-07
5476385132355153731,2025-08-07
5629848815320820608,2025-08-07
6133914376630410496,2025-08-07
6206643039465930496,2025-08-07
6494202711772196800,2025-08-07
6557246880847484629,2025-08-07
6629304165209879143,2025-08-07
6701361217345430821,2025-08-07
7575066561518646273,2025-08-07
9007204939872883156,2025-08-07
9016220262205243008,2025-08-07
9089431260710255744,2025-08-07
153131677170000386,2025-08-08
442932828512505024,2025-08-08
1224986448198666709,2025-08-08
1369101347001710020,2025-08-08
1585271561336804690,2025-08-08
1585271561337035030,2025-08-08
1585271561337036911,2025-08-08
1585271561337048751,2025-08-08
1585274423917697043,2025-08-08
1729388589032331985,2025-08-08
2377906299442910931,2025-08-08
2603089841281918144,2025-08-08
3098483603763034510,2025-08-08
3458771572229117194,2025-08-08
3747000630363940378,2025-08-08
3901231049869308352,2025-08-08
4260418966537829184,2025-08-08
4406223391538753408,2025-08-08
4476591665707205376,2025-08-08
5197164802577444575,2025-08-08
5630182746138349696,2025-08-08
6052843423965704312,2025-08-08
6052843423965704511,2025-08-08
6061859049728065089,2025-08-08
6278938868982534848,2025-08-08
7430951976169581696,2025-08-08
7503010266935193600,2025-08-08
7719183474830902656,2025-08-08
7719183762365539648,2025-08-08
8369417938508689728,2025-08-08
8872100102946455617,2025-08-08
9007204635750639287,2025-08-08
1306055321721055745,2025-08-09
1522229159996371777,2025-08-09
1585271561336664412,2025-08-09
1585271561336724594,2025-08-09
1585271561336779155,2025-08-09
1585271561336840314,2025-08-09
1585271561336938590,2025-08-09
1585271561337003723,2025-08-09
1585271561337018173,2025-08-09
1585271561337044610,2025-08-09
1739916987938841344,2025-08-09
2377906299442910931,2025-08-09
2449965110012012623,2025-08-09
3314656874364763048,2025-08-09
3458771572229117194,2025-08-09
3684310715970381056,2025-08-09
3684346221097551104,2025-08-09
3747000630363940378,2025-08-09
3747001954464117380,2025-08-09
3891117339130576500,2025-08-09
4179347521753443713,2025-08-09
4764820333211843906,2025-08-09
5116096277414528843,2025-08-09
5269225437896844992,2025-08-09
5413337214202462653,2025-08-09
6196960145816224397,2025-08-09
6341072931965192020,2025-08-09
6341074104264852164,2025-08-09
6341074104264856093,2025-08-09
6350087955005712256,2025-08-09
7647122977748702231,2025-08-09
7935353580615477984,2025-08-09
7998400403885849124,2025-08-09
8367773738252742400,2025-08-09
8727990074356778752,2025-08-09
8935148960500687616,2025-08-09
153131677170000386,2025-08-10
225335593580788480,2025-08-10
801649609405801345,2025-08-10
1378872575867915520,2025-08-10
1585271561336707200,2025-08-10
1585271561336901830,2025-08-10
1585271561336913416,2025-08-10
1585271561336970540,2025-08-10
1585271561336997124,2025-08-10
1585271561337038249,2025-08-10
1585271561337048984,2025-08-10
2233793632882183375,2025-08-10
2377906299442910931,2025-08-10
2449965262016763921,2025-08-10
2531033574337164798,2025-08-10
2738194092690288910,2025-08-10
2954367870147816339,2025-08-10
4332926112403708992,2025-08-10
4476588735011997195,2025-08-10
4908935609760525954,2025-08-10
4909958616282810688,2025-08-10
4980991965168188033,2025-08-10
5044039385649898752,2025-08-10
5197164996113048095,2025-08-10
5332267584642577112,2025-08-10
5413337214202462653,2025-08-10
5764615010830211364,2025-08-10
6052843385257647256,2025-08-10
6052843423965704708,2025-08-10
6279193784262148864,2025-08-10
6341074104264853628,2025-08-10
6557248337293371808,2025-08-10
7286838098605874561,2025-08-10
8801587602994100992,2025-08-10
225335593580788480,2025-08-11
513421040807382406,2025-08-11
873709458900883723,2025-08-11
1224996632231164864,2025-08-11
1297043030334348294,2025-08-11
1369101347001709768,2025-08-11
1585271561336744152,2025-08-11
1585271561336841328,2025-08-11
1585271561336842648,2025-08-11
1585271561336983258,2025-08-11
1585271561337043788,2025-08-11
1585271561337051837,2025-08-11
1738421652124963520,2025-08-11
1945561426443112146,2025-08-11
2098688789787818907,2025-08-11
2305848744076623036,2025-08-11
2449965110012012804,2025-08-11
2449965668495115008,2025-08-11
2738194092690289034,2025-08-11
3098483135638259031,2025-08-11
3891115984388077661,2025-08-11
3891115984388077827,2025-08-11
4035232106963127754,2025-08-11
4107288419676846176,2025-08-11
4332473480586249328,2025-08-11
4692759896965140290,2025-08-11
5188154264055125507,2025-08-11
5413337214202463640,2025-08-11
5629511959330150400,2025-08-11
5764615010830211364,2025-08-11
6196960145816224397,2025-08-11
6495120734863361280,2025-08-11
6557246880847484935,2025-08-11
6629304165209876826,2025-08-11
6701361217345430046,2025-08-11
6701361217345430741,2025-08-11
7575588373213017664,2025-08-11
7863297125675402690,2025-08-11
8800042911955349187,2025-08-11
8872102004503143591,2025-08-11
8872102004503143605,2025-08-11
8944162424173818304,2025-08-11
9007204635750639287,2025-08-11
9910175246783616,2025-08-12
225335593580788480,2025-08-12
720583759961119936,2025-08-12
1233999132207611713,2025-08-12
1522227705709270419,2025-08-12
1585271561336731284,2025-08-12
1585271561336744152,2025-08-12
1585271561336822784,2025-08-12
1585271561336838632,2025-08-12
1585271561336938714,2025-08-12
1585271561336968320,2025-08-12
1585271561336994632,2025-08-12
1585271561337003723,2025-08-12
1666343015431464592,2025-08-12
1738421652124963520,2025-08-12
2098832651495149824,2025-08-12
2233792637557835906,2025-08-12
2386919846102515585,2025-08-12
2819265432429081858,2025-08-12
2954367870147816203,2025-08-12
3035438529728163650,2025-08-12
3098483135638259031,2025-08-12
3747000630363940378,2025-08-12
4332475006756913344,2025-08-12
4694269270920854528,2025-08-12
5629513342402052800,2025-08-12
5764615010830211364,2025-08-12
6341072931965192050,2025-08-12
6341074104264856442,2025-08-12
6494202711772200194,2025-08-12
6566258848326419538,2025-08-12
7000147901829877888,2025-08-12
7071730495301498368,2025-08-12
7782225973962771564,2025-08-12
8079470079227478147,2025-08-12
8295642745197941185,2025-08-12
8872102004503143591,2025-08-12
8935148650840703744,2025-08-12
9007204939872883156,2025-08-12
9016219708573634752,2025-08-12
5034735006998,2025-08-13
81077505949385027,2025-08-13
585834117042990080,2025-08-13
792639191900656642,2025-08-13
945768468522222785,2025-08-13
1234000039061637954,2025-08-13
1234220245509590784,2025-08-13
1297043019275485334,2025-08-13
1585271561336660151,2025-08-13
1585271561336700081,2025-08-13
1585271561336799081,2025-08-13
1585271561336856398,2025-08-13
1585271561336867115,2025-08-13
1585271561336877696,2025-08-13
1585271561336901830,2025-08-13
1585271561336938625,2025-08-13
1585271561337023951,2025-08-13
1585271561337036299,2025-08-13
1585271561337040747,2025-08-13
1585271561337043788,2025-08-13
1666345658585355904,2025-08-13
1738403280270865088,2025-08-13
1873514497487928217,2025-08-13
2089677781257947265,2025-08-13
2388646955735996352,2025-08-13
2675856397988943105,2025-08-13
3242598857385037903,2025-08-13
3314657355444378182,2025-08-13
3747000630363940378,2025-08-13
3747001515156930818,2025-08-13
3891115984388077661,2025-08-13
4116348389294694784,2025-08-13
4188358270391977168,2025-08-13
4261958918713328448,2025-08-13
4478131905422330048,2025-08-13
4548647573216189508,2025-08-13
4755806029018135186,2025-08-13
5053264779454819136,2025-08-13
5260212023980595118,2025-08-13
5413337214202463640,2025-08-13
5629513342402052418,2025-08-13
5989801510985421761,2025-08-13
6196958805535046283,2025-08-13
6341074104264855368,2025-08-13
6557248337431441997,2025-08-13
6566258848326450200,2025-08-13
6629304165209877269,2025-08-13
6629304165209878792,2025-08-13
6629304165209879195,2025-08-13
6629304165209879200,2025-08-13
6711539094127931456,2025-08-13
7214779111113442240,2025-08-13
7493996875135987034,2025-08-13
7998400403885849124,2025-08-13
8801587602994100992,2025-08-13
360295029579446279,2025-08-14
513421936608554178,2025-08-14
514356888197939264,2025-08-14
658983189719959233,2025-08-14
792641370587578176,2025-08-14
1008813765626955268,2025-08-14
1017826062559976640,2025-08-14
1585271561336615576,2025-08-14
1585271561336677835,2025-08-14
1585271561336830888,2025-08-14
1585271561337003723,2025-08-14
1585271561337009782,2025-08-14
1585271561337020657,2025-08-14
1585271561337043788,2025-08-14
1594287976076177216,2025-08-14
1873514497487928217,2025-08-14
2531033574337163656,2025-08-14
2603091538862898406,2025-08-14
3468621962274834624,2025-08-14
3539842169068608384,2025-08-14
3828751370547352448,2025-08-14
3891115984388077661,2025-08-14
3891117339130576500,2025-08-14
3901231049869308352,2025-08-14
4035232106963127754,2025-08-14
4117334242970440768,2025-08-14
4899922101829706304,2025-08-14
4910082336722384384,2025-08-14
4982244626730118721,2025-08-14
5054768684649409472,2025-08-14
5989799398687552961,2025-08-14
6052843423965704462,2025-08-14
6124902627122867748,2025-08-14
6124903351516349376,2025-08-14
6278261398401737408,2025-08-14
6341074104264852073,2025-08-14
6350087955005709312,2025-08-14
6557248337431441997,2025-08-14
6629304165209879200,2025-08-14
6710374421143547864,2025-08-14
7142785589095501632,2025-08-14
7215757794330382464,2025-08-14
7358993262512734784,2025-08-14
7575065665715701012,2025-08-14
7719182053721747777,2025-08-14
7719182053721748033,2025-08-14
7998400403885849124,2025-08-14
8079470079227478147,2025-08-14
8214571128982578575,2025-08-14
8214571128982578588,2025-08-14
9018070553843405,2025-08-15
360293909705804778,2025-08-15
360295281038589837,2025-08-15
1513216534290429780,2025-08-15
1585271561336915000,2025-08-15
1585271561337003723,2025-08-15
1585271561337021320,2025-08-15
1585271561337036299,2025-08-15
1585271561337043788,2025-08-15
1585271561337051837,2025-08-15
1594816349905392704,2025-08-15
1739855415287684224,2025-08-15
2314861737789880281,2025-08-15
2377907662666834967,2025-08-15
2666135989930538395,2025-08-15
2882321156862687745,2025-08-15
3251611007714853505,2025-08-15
3397391272924332736,2025-08-15
3684346221097551104,2025-08-15
3747000630363940378,2025-08-15
3747000630363940446,2025-08-15
3747001515156930818,2025-08-15
3828751370547352448,2025-08-15
3891117339130576500,2025-08-15
4107288419676846194,2025-08-15
4107288419676846200,2025-08-15
4333867294357128384,2025-08-15
4406223391538753408,2025-08-15
5116096277414528843,2025-08-15
5413337214202464608,2025-08-15
6557246880847484935,2025-08-15
6710519090172880704,2025-08-15
6711539094127931456,2025-08-15
6917536153237304707,2025-08-15
7142785589095501632,2025-08-15
7430951976169582016,2025-08-15
7503010913897242624,2025-08-15
7575066561518641537,2025-08-15
7791241212634245504,2025-08-15
8079470792529455168,2025-08-15
8295642745197943488,2025-08-15
8295643071445388033,2025-08-15
8656829890936839488,2025-08-15
8944568632607099200,2025-08-15
360293909705804778,2025-08-16
360295281038589837,2025-08-16
513421936608554178,2025-08-16
576465923186619464,2025-08-16
874099666507990784,2025-08-16
947090641831416192,2025-08-16
947291746421455936,2025-08-16
1162022737893971200,2025-08-16
1233998612444272577,2025-08-16
1585271561336585963,2025-08-16
1585271561336835370,2025-08-16
1585271561336873821,2025-08-16
1585271561336901830,2025-08-16
1585271561336925236,2025-08-16
1585271561337011960,2025-08-16
1585271561337051837,2025-08-16
2233793632882183375,2025-08-16
2449965110012013004,2025-08-16
3035854616910347328,2025-08-16
3747000630363940378,2025-08-16
3747002410952558402,2025-08-16
4035232106963127754,2025-08-16
4179348047056553453,2025-08-16
4692763109658532032,2025-08-16
4694163717804585153,2025-08-16
4980994376076635008,2025-08-16
5260212023980595118,2025-08-16
5332267584642577280,2025-08-16
6052843423965704462,2025-08-16
6052843423965704708,2025-08-16
6124903351516349376,2025-08-16
6196960145816224397,2025-08-16
6557246880847484935,2025-08-16
6710377279947371714,2025-08-16
7142718144019394177,2025-08-16
7214779105578896897,2025-08-16
7358893773874610048,2025-08-16
8872102004503143591,2025-08-16
8935148003885016902,2025-08-16
288237581944939778,2025-08-17
513421936608554178,2025-08-17
1008811808132899372,2025-08-17
1297043747262592714,2025-08-17
1522227705709270419,2025-08-17
1522229159996371777,2025-08-17
1585271561336628467,2025-08-17
1585271561336821769,2025-08-17
1585271561336825728,2025-08-17
1585271561337011960,2025-08-17
1585271561337029514,2025-08-17
1585271561337052118,2025-08-17
1594285565167032960,2025-08-17
1873514497487928217,2025-08-17
2233792731551792023,2025-08-17
2233793632882183375,2025-08-17
2460299093554921792,2025-08-17
2603089774927639744,2025-08-17
3747000630363940378,2025-08-17
3828751370547352448,2025-08-17
3901441934918109056,2025-08-17
5269824042523099520,2025-08-17
5413337214202462653,2025-08-17
5989799398687552961,2025-08-17
6052843385257647256,2025-08-17
6052843423965704370,2025-08-17
6278735978234865280,2025-08-17
6279774497819671808,2025-08-17
6341074104264852173,2025-08-17
6341074104264854133,2025-08-17
6341074104264855487,2025-08-17
6494202711772197954,2025-08-17
6557246880847484935,2025-08-17
7215801774795495104,2025-08-17
7358993262512734784,2025-08-17
7493996875135986974,2025-08-17
7935354974073817793,2025-08-17
8872102004503143591,2025-08-17
8872104940726666496,2025-08-17
9088274952505614466,2025-08-17
9089272665615484736,2025-08-17
5034735007653,2025-08-18
9019569075742400,2025-08-18
225273727861139264,2025-08-18
441361688982364354,2025-08-18
874855854027596352,2025-08-18
1008811907659198090,2025-08-18
1306055321721055768,2025-08-18
1522239587313476288,2025-08-18
1585271561336677835,2025-08-18
1585271561336838632,2025-08-18
1585271561336878967,2025-08-18
1585271561336926077,2025-08-18
1585271561336934307,2025-08-18
1585271561336969686,2025-08-18
1585271561337012374,2025-08-18
1594285565167032960,2025-08-18
1873514497487928217,2025-08-18
1873514751858483392,2025-08-18
2522022433100765069,2025-08-18
3035438258777611712,2025-08-18
3179552246924931267,2025-08-18
3611898983435468162,2025-08-18
3891117339130576500,2025-08-18
4035232106963127754,2025-08-18
4692759896965140290,2025-08-18
5413337214202463640,2025-08-18
5476383163815322072,2025-08-18
5557454520123443458,2025-08-18
5629511450608983168,2025-08-18
6052843423965704251,2025-08-18
6196961100373024751,2025-08-18
6341074104264853628,2025-08-18
6629304165209877269,2025-08-18
6640062197058582336,2025-08-18
7358893580340059010,2025-08-18
7493996866413375452,2025-08-18
7493996875135986974,2025-08-18
8079470792529455296,2025-08-18
8502803222098581352,2025-08-18
8872102004503143591,2025-08-18
4844634155853,2025-08-19
5034735007817,2025-08-19
7023315206273,2025-08-19
9019569075742400,2025-08-19
81075537411025901,2025-08-19
576467810957597286,2025-08-19
576467812758562318,2025-08-19
792639191900656652,2025-08-19
864698737912134848,2025-08-19
946746831021874560,2025-08-19
1585271561336619618,2025-08-19
1585271561336765283,2025-08-19
1585271561336939603,2025-08-19
1585271561336969686,2025-08-19
1585271561337049123,2025-08-19
1585274479214059157,2025-08-19
1666343015431464640,2025-08-19
2305848744076623468,2025-08-19
2315718326334908096,2025-08-19
2377907662666834967,2025-08-19
2532322542825460288,2025-08-19
2882311973691661849,2025-08-19
2963380294261557249,2025-08-19
3891117339130576500,2025-08-19
3963175209649622991,2025-08-19
4035232106963127754,2025-08-19
4107288694615506752,2025-08-19
4116339792266941760,2025-08-19
4548647573216189315,2025-08-19
4693213739758153216,2025-08-19
4980991965168188033,2025-08-19
5053051190437830144,2025-08-19
5548441990942654369,2025-08-19
5557452949714472260,2025-08-19
5629512114161346690,2025-08-19
6134234458814318272,2025-08-19
6206537486349659776,2025-08-19
6341074104264856507,2025-08-19
6413133404652385618,2025-08-19
6557248337293372492,2025-08-19
6710519090172880704,2025-08-19
7575067352248532224,2025-08-19
8224696301186869952,2025-08-19
8584368804696966528,2025-08-19
8801543622528988544,2025-08-19
8872102004503143591,2025-08-19
5034735007162,2025-08-20
657540071955486912,2025-08-20
658983189719959233,2025-08-20
792639191900656748,2025-08-20
945767174589347539,2025-08-20
1306055321721055758,2025-08-20
1306055918923481346,2025-08-20
1585271561336650970,2025-08-20
1585271561336656962,2025-08-20
1585271561336664412,2025-08-20
1585271561336890904,2025-08-20
1585271561336913620,2025-08-20
1585271561336957025,2025-08-20
1585271561336987405,2025-08-20
1585271561337011960,2025-08-20
1585271561337020061,2025-08-20
1585271561337040758,2025-08-20
1585274479214059157,2025-08-20
2305848744076623468,2025-08-20
2305850098877774736,2025-08-20
2388541402619723073,2025-08-20
2449965110012013004,2025-08-20
2676797701594304512,2025-08-20
3098483135638259031,2025-08-20
3251611007714858048,2025-08-20
3674945297996420289,2025-08-20
3828751370547352448,2025-08-20
3891117339130576500,2025-08-20
3901328918400269249,2025-08-20
4035232106963127754,2025-08-20
4611694214010660315,2025-08-20
4764821538666023488,2025-08-20
4827866083748751168,2025-08-20
4980991965168188033,2025-08-20
5116096277414528794,2025-08-20
5332267584642577163,2025-08-20
5557453419725369300,2025-08-20
5764614806234615889,2025-08-20
5980787364025193058,2025-08-20
6133914376630410496,2025-08-20
6566258848326459743,2025-08-20
6629304165209876438,2025-08-20
7719183474830902656,2025-08-20
7854284809238590800,2025-08-20
7935354974073814401,2025-08-20
8367700422180130944,2025-08-20
8502803222098581352,2025-08-20
8800699037240317312,2025-08-20
8872102004503143591,2025-08-20
5034735006958,2025-08-21
5034735007627,2025-08-21
297779773344194752,2025-08-21
369305764258770457,2025-08-21
658807267859499264,2025-08-21
864698737912134848,2025-08-21
945768468522226048,2025-08-21
1162216251940471744,2025-08-21
1369101347001710020,2025-08-21
1585271561336660151,2025-08-21
1585271561336693500,2025-08-21
1585271561336710324,2025-08-21
1585271561336957025,2025-08-21
1585271561337003723,2025-08-21
1585271561337011960,2025-08-21
1585271561337023406,2025-08-21
1666343015431464640,2025-08-21
1729388589032331985,2025-08-21
2305848744076622568,2025-08-21
2314863335846567296,2025-08-21
2449965668495115337,2025-08-21
2459331523322437248,2025-08-21
2531033574337165251,2025-08-21
3468190953716712128,2025-08-21
3901257438148375808,2025-08-21
4035232106963127754,2025-08-21
4107288419676846194,2025-08-21
4188358270391977168,2025-08-21
4262169836939559936,2025-08-21
4404534071669054080,2025-08-21
4620705792101764544,2025-08-21
4837337629923812032,2025-08-21
4908934288185497116,2025-08-21
4908937353777220800,2025-08-21
4908937353777222017,2025-08-21
4980991965168188033,2025-08-21
4980994376076635008,2025-08-21
5053052694490078976,2025-08-21
5548441990942654369,2025-08-21
6350087783588511106,2025-08-21
6701361217345430749,2025-08-21
6711627055058155776,2025-08-21
6782681557186412288,2025-08-21
7710168402041500319,2025-08-21
7719182053721748033,2025-08-21
8286630365325210817,2025-08-21
8295642745197941185,2025-08-21
8646917760436539584,2025-08-21
8872102004503143591,2025-08-21
8872103381380754816,2025-08-21
9088463425057405824,2025-08-21
360293909705804778,2025-08-22
792639191900656652,2025-08-22
1585271561336637755,2025-08-22
1585271561336710379,2025-08-22
1585271561336959947,2025-08-22
1585271561336980948,2025-08-22
1585271561336986701,2025-08-22
1585271561337019523,2025-08-22
1585271561337041708,2025-08-22
1585271561337054596,2025-08-22
2017619186364528459,2025-08-22
2449965262016764108,2025-08-22
3963175209649621266,2025-08-22
3972185637577204576,2025-08-22
4035232106963127754,2025-08-22
4107288419676846194,2025-08-22
4406223391538753408,2025-08-22
4611694214010660315,2025-08-22
4908937353777222017,2025-08-22
5404326610889164485,2025-08-22
5629511959330150400,2025-08-22
6350087783588511106,2025-08-22
7214779105578896897,2025-08-22
7277824441388354409,2025-08-22
7359688153861531776,2025-08-22
8214573009054500917,2025-08-22
8367701467274729984,2025-08-22
8511817191720792833,2025-08-22
72064849589779076,2025-08-23
369306588173643414,2025-08-23
946553516040883456,2025-08-23
1233997180257176773,2025-08-23
1585271561336695605,2025-08-23
1585271561336934723,2025-08-23
1585271561336950266,2025-08-23
1585271561336979665,2025-08-23
1585271561336986701,2025-08-23
1585271561336999191,2025-08-23
1585271561337003723,2025-08-23
1585271561337009256,2025-08-23
1585271561337020061,2025-08-23
1585271561337044959,2025-08-23
1585274423917697353,2025-08-23
2098735651169564096,2025-08-23
2305848744076623087,2025-08-23
2449965262016764108,2025-08-23
2738194092690289797,2025-08-23
3098483603763034510,2025-08-23
3314657355444378131,2025-08-23
3539840841963987851,2025-08-23
3747000630363940380,2025-08-23
3891115984388077728,2025-08-23
3891115984388077827,2025-08-23
3900421809311229248,2025-08-23
4035232106963127754,2025-08-23
4476588735011997195,2025-08-23
4476591665707205376,2025-08-23
4692763109658532032,2025-08-23
4908937353777222017,2025-08-23
5197165831092178178,2025-08-23
5269367519284307392,2025-08-23
5620500508436996544,2025-08-23
5701568878757409536,2025-08-23
6269016405102144656,2025-08-23
6341074104264855487,2025-08-23
6629304165209877269,2025-08-23
6845478493809504321,2025-08-23
7277824762114536064,2025-08-23
7286838098605874561,2025-08-23
7421937771504245301,2025-08-23
7493996866413376389,2025-08-23
7719923961297613184,2025-08-23
9088604427966129920,2025-08-23
216178771397981588,2025-08-24
369305764258770457,2025-08-24
1522228828218256834,2025-08-24
1585271561336726821,2025-08-24
1585271561336737730,2025-08-24
1585271561336888542,2025-08-24
1585271561336957025,2025-08-24
1585271561336974822,2025-08-24
1585271561336990566,2025-08-24
1585271561336992295,2025-08-24
1585271561337003723,2025-08-24
1585271561337019311,2025-08-24
1729388589032331985,2025-08-24
1738401682216569218,2025-08-24
1954573939019829505,2025-08-24
2377908555547499394,2025-08-24
2531033574337164671,2025-08-24
3458772217278542081,2025-08-24
3747000630363940378,2025-08-24
3828751370547352448,2025-08-24
4035232106963127754,2025-08-24
4107288419676846176,2025-08-24
4116894438319313472,2025-08-24
4332819951031581440,2025-08-24
4764817325728900033,2025-08-24
4908937353777222017,2025-08-24
5332267584642577124,2025-08-24
5404326610889164485,2025-08-24
5548440520018748310,2025-08-24
5980787599406315050,2025-08-24
6341075541957838402,2025-08-24
7214779105578896897,2025-08-24
7359688153861531776,2025-08-24
7503010913897242624,2025-08-24
7719181970776511680,2025-08-24
7864303004555240640,2025-08-24
8583872020953723010,2025-08-24
8872102004503143591,2025-08-24
9016219708573634752,2025-08-24
5034735007032,2025-08-25
5034735007817,2025-08-25
5034735007866,2025-08-25
153131677170000386,2025-08-25
226944985535436544,2025-08-25
441361688982367554,2025-08-25
945767318361640843,2025-08-25
945768468522226048,2025-08-25
946553516040883456,2025-08-25
1008812355581841229,2025-08-25
1008812355581841236,2025-08-25
1369101347001710020,2025-08-25
1585271561336650970,2025-08-25
1585271561336766040,2025-08-25
1585271561336934723,2025-08-25
1585271561336957025,2025-08-25
1585271561337009291,2025-08-25
1585271561337020061,2025-08-25
1585274296737054803,2025-08-25
1594287976076177216,2025-08-25
1873504003816618386,2025-08-25
2017618760585038672,2025-08-25
2026631416935243265,2025-08-25
2305848744076623059,2025-08-25
2522022845598858264,2025-08-25
2738194092690288910,2025-08-25
3035437866176246850,2025-08-25
3179553159315036544,2025-08-25
3242598857385037098,2025-08-25
3828751370547352448,2025-08-25
4035232106963127754,2025-08-25
4044245371570858560,2025-08-25
4107288419676846194,2025-08-25
4107288419676846200,2025-08-25
4764821936795189185,2025-08-25
4908937353777222017,2025-08-25
5487034636141470080,2025-08-25
5629511959330150400,2025-08-25
6341074104264856210,2025-08-25
6701361217345430047,2025-08-25
7719181970776511680,2025-08-25
7791238182408561865,2025-08-25
8079469907788943554,2025-08-25
8079471306778780160,2025-08-25
8583871904837544942,2025-08-25
9016217269999190198,2025-08-25
153135415178499072,2025-08-26
360295029579446279,2025-08-26
945767318361640843,2025-08-26
1522229159996371777,2025-08-26
1585271561336784959,2025-08-26
1585271561336856099,2025-08-26
1585271561336969686,2025-08-26
1585271561337020061,2025-08-26
1585271561337035030,2025-08-26
1585271561337043107,2025-08-26
1585271561337050252,2025-08-26
1585274479214059157,2025-08-26
1873514497487928217,2025-08-26
2305848744076623468,2025-08-26
2388593940434537216,2025-08-26
2449965668495115337,2025-08-26
2531033574337164798,2025-08-26
2738194092690289674,2025-08-26
3035438502080357056,2025-08-26
3036795599778856512,2025-08-26
3685155140900563584,2025-08-26
3828751370547352448,2025-08-26
4035232106963127754,2025-08-26
4107288419676846194,2025-08-26
4260418966537829184,2025-08-26
4693328088967446145,2025-08-26
5269223972552621825,2025-08-26
5476383257815528333,2025-08-26
5836672477688188876,2025-08-26
5908730160197041621,2025-08-26
6135254097796734656,2025-08-26
6278735978234865280,2025-08-26
6341074104264853846,2025-08-26
6341074104264856210,2025-08-26
6566258848326415786,2025-08-26
6629304165209877741,2025-08-26
6629304165209878011,2025-08-26
6629304165209879216,2025-08-26
6917536399313463508,2025-08-26
6927906236549392704,2025-08-26
7421939325345059009,2025-08-26
8079469907788944258,2025-08-26
8151526594975941451,2025-08-26
8367701467274729984,2025-08-26
8583871904837544942,2025-08-26
8935147025123496246,2025-08-26
648525784378109697,2025-08-27
946676965528817536,2025-08-27
947485702835762688,2025-08-27
1585271561336626054,2025-08-27
1585271561336629630,2025-08-27
1585271561336662224,2025-08-27
1585271561336901830,2025-08-27
1585271561336969686,2025-08-27
1585271561337020061,2025-08-27
1594285565167032960,2025-08-27
1666345625407870272,2025-08-27
2305848744076622784,2025-08-27
2388593940434537216,2025-08-27
2954367870147815893,2025-08-27
3314656874364763048,2025-08-27
3467783911479856448,2025-08-27
3891115984388077661,2025-08-27
4107288419676846194,2025-08-27
4548647678279510401,2025-08-27
5053062541200284416,2025-08-27
5269223972552621825,2025-08-27
5404327400063577413,2025-08-27
5476383257815528333,2025-08-27
5701568878757409536,2025-08-27
5701569099948068865,2025-08-27
5908730160197042067,2025-08-27
5991025196473750720,2025-08-27
6052843423965704305,2025-08-27
6052843423965704548,2025-08-27
6052843423965704727,2025-08-27
6341072931965191627,2025-08-27
6341074104264856210,2025-08-27
6494201578204133717,2025-08-27
6557248384888777089,2025-08-27
6557248456781430976,2025-08-27
6629304165209876357,2025-08-27
6629304165209878341,2025-08-27
6629304165209878344,2025-08-27
7277824828470397056,2025-08-27
7782225973962771564,2025-08-27
7791239747290315010,2025-08-27
7854284809238590800,2025-08-27
5034735006935,2025-08-28
5034735007817,2025-08-28
585481725913662850,2025-08-28
729595702993858241,2025-08-28
875304454771746304,2025-08-28
945767733079883138,2025-08-28
947494056560982336,2025-08-28
1018972009783960384,2025-08-28
1233998612444276546,2025-08-28
1522228828218256834,2025-08-28
1585271561336646127,2025-08-28
1585271561336761691,2025-08-28
1585271561336766040,2025-08-28
1585271561336929916,2025-08-28
1585271561336994883,2025-08-28
1585271561337003723,2025-08-28
1585271561337008237,2025-08-28
1585271561337032322,2025-08-28
1585271561337048640,2025-08-28
1873514497487928217,2025-08-28
1954573939019829505,2025-08-28
2315718326334908096,2025-08-28
2386919846102515585,2025-08-28
2738194092690288910,2025-08-28
2738194092690289087,2025-08-28
3026424916757370888,2025-08-28
3747000630363940378,2025-08-28
3963174951955398626,2025-08-28
4107288419676846194,2025-08-28
4107288419676846196,2025-08-28
4404531555695193092,2025-08-28
4693724001627148928,2025-08-28
4764821936795189185,2025-08-28
4908934288185497122,2025-08-28
4982244626730118721,2025-08-28
5269224956824505472,2025-08-28
5332267584642577160,2025-08-28
5557453419725369300,2025-08-28
5629511854270502785,2025-08-28
5629512976778660864,2025-08-28
5701569099948068865,2025-08-28
5764612461673938508,2025-08-28
5989799238315452801,2025-08-28
6062123491002113856,2025-08-28
6629304165209877269,2025-08-28
6927906236549392704,2025-08-28
7142721539193745217,2025-08-28
7493996875135986974,2025-08-28
7566064520488142175,2025-08-28
7576643904375722625,2025-08-28
154456388469593153,2025-08-29
288237581944948164,2025-08-29
360293909705804729,2025-08-29
369307611172935746,2025-08-29
729594635772536140,2025-08-29
792640928209094937,2025-08-29
1017826062559976640,2025-08-29
1450167894921152512,2025-08-29
1585271561336899254,2025-08-29
1585271561336901830,2025-08-29
1585271561336915000,2025-08-29
1585271561336926077,2025-08-29
1585271561336957025,2025-08-29
1585271561336969686,2025-08-29
1585271561336985438,2025-08-29
1585271561337003723,2025-08-29
1585271561337012250,2025-08-29
1585271561337040758,2025-08-29
1585271561337043943,2025-08-29
1585271561337051825,2025-08-29
1666345625407870272,2025-08-29
1883917688565411456,2025-08-29
2098689923357003713,2025-08-29
2161734880190484485,2025-08-29
2233792637557835906,2025-08-29
2738194092690289744,2025-08-29
3108765332419498688,2025-08-29
3179555127851548354,2025-08-29
3458771572229117194,2025-08-29
4044245371570858560,2025-08-29
4107288419676846159,2025-08-29
4107288419676846194,2025-08-29
4179347521753441089,2025-08-29
4692759896965140290,2025-08-29
4693943903952713920,2025-08-29
5053050012633474909,2025-08-29
5197166057798799616,2025-08-29
5404326610889164485,2025-08-29
5764614806234615889,2025-08-29
6341074104264849894,2025-08-29
6566259520606639653,2025-08-29
6629304165209877468,2025-08-29
6629304165209878353,2025-08-29
6701361217345430047,2025-08-29
6711477864312357568,2025-08-29
6927808340195623680,2025-08-29
7430951976169581696,2025-08-29
7493996866413375593,2025-08-29
7719181970776511680,2025-08-29
7782225885427882465,2025-08-29
7854284809238590800,2025-08-29
7864962540055736384,2025-08-29
8007413447319366720,2025-08-29
8151526484379737766,2025-08-29
8368054544090180032,2025-08-29
5034735007817,2025-08-30
369305952269615221,2025-08-30
369306588173643656,2025-08-30
369307611172955267,2025-08-30
585481725913662850,2025-08-30
801652528411721921,2025-08-30
1017826062559976640,2025-08-30
1089882915620596864,2025-08-30
1585271561336618499,2025-08-30
1585271561336660151,2025-08-30
1585271561336706437,2025-08-30
1585271561336894566,2025-08-30
1585271561336995760,2025-08-30
1585271561337003723,2025-08-30
1585271561337012250,2025-08-30
1585271561337019272,2025-08-30
1585271561337052048,2025-08-30
1666345625407870272,2025-08-30
1954573939019829505,2025-08-30
2738194092690289674,2025-08-30
2954367870147815893,2025-08-30
3314654999816724357,2025-08-30
3747000630363940378,2025-08-30
3819059905448884036,2025-08-30
3828751370547352448,2025-08-30
4107288419676846194,2025-08-30
5116096277414528680,2025-08-30
6341074104264855793,2025-08-30
6485190696845706757,2025-08-30
6629304165209876489,2025-08-30
6701361217345430749,2025-08-30
6927906236549392704,2025-08-30
6998605383433991296,2025-08-30
7719182053721748033,2025-08-30
7998400403885849124,2025-08-30
8368054544090180032,2025-08-30
8872103381380755008,2025-08-30
8935148650840696065,2025-08-30
5034735006231,2025-08-31
9018203264608292,2025-08-31
9989555737518336,2025-08-31
369306588173643414,2025-08-31
576467810957597286,2025-08-31
936756818544597145,2025-08-31
947494056560982336,2025-08-31
1008814384946819138,2025-08-31
1378112838350349603,2025-08-31
1585271561336621440,2025-08-31
1585271561336872859,2025-08-31
1585271561336905209,2025-08-31
1585271561336995405,2025-08-31
1585271561337003723,2025-08-31
1585271561337011960,2025-08-31
1585271561337022991,2025-08-31
1585271561337037325,2025-08-31
1585271561337052048,2025-08-31
1666417358041848384,2025-08-31
1729388589032331985,2025-08-31
1738403280270865088,2025-08-31
1739916987938841344,2025-08-31
2099685629215837888,2025-08-31
2233791780476071135,2025-08-31
2305848744076623575,2025-08-31
2377906299442911109,2025-08-31
2594080773626549720,2025-08-31
2882310110228255577,2025-08-31
3684346221097551104,2025-08-31
3819059905448884036,2025-08-31
3828751370547352448,2025-08-31
4692763109658534464,2025-08-31
4764817325728902338,2025-08-31
5116096277414529114,2025-08-31
5332267584642577280,2025-08-31
5332267584642577308,2025-08-31
5701569099948068865,2025-08-31
6052843385257647256,2025-08-31
6341074104264850515,2025-08-31
6413133733194254145,2025-08-31
6629304165209879143,2025-08-31
6701361217345429369,2025-08-31
6701361217345430047,2025-08-31
7070663956211113984,2025-08-31
7349881930372709760,2025-08-31
7421937898647071687,2025-08-31
7430951976169581696,2025-08-31
7854284809238590800,2025-08-31
8214573661547136012,2025-08-31
8223585477406715456,2025-08-31
8502803222098581007,2025-08-31
8800044515533841179,2025-08-31
8800044858368715081,2025-08-31
8872104940726666496,2025-08-31
9089915045826494208,2025-08-31
9019386599898176,2025-09-01
153131677170000386,2025-09-01
225335234157208768,2025-09-01
360295281038589900,2025-09-01
369305952269615221,2025-09-01
369306588173643414,2025-09-01
1378110665222670401,2025-09-01
1585271561336694823,2025-09-01
1585271561336768127,2025-09-01
1585271561336935713,2025-09-01
1585271561336939603,2025-09-01
1585271561337003723,2025-09-01
1585271561337020061,2025-09-01
1585271561337022332,2025-09-01
1585271561337032322,2025-09-01
1585271561337039693,2025-09-01
1955316532481684480,2025-09-01
2305848744076623821,2025-09-01
2676366571384260096,2025-09-01
2882310110228255577,2025-09-01
3035695363773500224,2025-09-01
3170542200554773569,2025-09-01
4692759896965140290,2025-09-01
4982139327975126848,2025-09-01
5044039385649898752,2025-09-01
5548440531134326352,2025-09-01
5773626693986294593,2025-09-01
6629304165209878404,2025-09-01
6639208976035359616,2025-09-01
7142969781737756800,2025-09-01
7719181224280449171,2025-09-01
7719181970776511680,2025-09-01
8872102004503143591,2025-09-01
8935149430517089345,2025-09-01
9007204939872883156,2025-09-01
153135415178498816,2025-09-02
369306588173643414,2025-09-02
432351254888983589,2025-09-02
801651201304651908,2025-09-02
1522327548243721536,2025-09-02
1585271561336614914,2025-09-02
1585271561336916995,2025-09-02
1585271561336939603,2025-09-02
1585271561337040881,2025-09-02
1585271561337043133,2025-09-02
1585271561337054659,2025-09-02
1738401389149753088,2025-09-02
1810459314961886528,2025-09-02
2388593940434537216,2025-09-02
3098483602160404120,2025-09-02
3611898983435468034,2025-09-02
3747000630363940378,2025-09-02
3747000630363940446,2025-09-02
4179348047056553453,2025-09-02
4621551721074391360,2025-09-02
4764817325728908033,2025-09-02
5197177867537097536,2025-09-02
5413337214202460504,2025-09-02
5414106267601574592,2025-09-02
5548441990942654369,2025-09-02
5989801510985421761,2025-09-02
6134401584581749120,2025-09-02
6196960145816224397,2025-09-02
6566258848326419538,2025-09-02
6629304165209877468,2025-09-02
6629304165209879087,2025-09-02
6927906236549392704,2025-09-02
7854284809238590800,2025-09-02
8430746051069922433,2025-09-02
8511817191720792833,2025-09-02
8935147025123495532,2025-09-02
9989555737518336,2025-09-03
369306588173643414,2025-09-03
441361688982362880,2025-09-03
513421101633513091,2025-09-03
576468234569919016,2025-09-03
801651206834378710,2025-09-03
1306054746647794441,2025-09-03
1522327548243721536,2025-09-03
1585271561336694823,2025-09-03
1585271561336820883,2025-09-03
1585271561336931656,2025-09-03
1585271561337035030,2025-09-03
1585271561337037649,2025-09-03
1585271561337038149,2025-09-03
1594286942038495744,2025-09-03
1945560541685068881,2025-09-03
2531033574337164671,2025-09-03
3323668325271603393,2025-09-03
3747000630363940378,2025-09-03
3747000630363940429,2025-09-03
3900491956871671808,2025-09-03
3963174911056333763,2025-09-03
4188356816114174594,2025-09-03
4548647573216189508,2025-09-03
4837337629923812032,2025-09-03
5692557201135915351,2025-09-03
5836672477688190152,2025-09-03
5991025196473750720,2025-09-03
6135386747000281408,2025-09-03
6278735978234865280,2025-09-03
6341074104264852447,2025-09-03
6341074104264853588,2025-09-03
6927906236549392704,2025-09-03
7782225973962771564,2025-09-03
7863297158852513217,2025-09-03
7926341023773842966,2025-09-03
7998400403885849124,2025-09-03
8079469907788937793,2025-09-03
8225073963540604608,2025-09-03
9079264347632290093,2025-09-03
5034735006943,2025-09-04
9019386599898176,2025-09-04
153135415178498816,2025-09-04
360293909705804832,2025-09-04
1017826062559976640,2025-09-04
1306110973670995840,2025-09-04
1379849379070761152,2025-09-04
1522228125953156623,2025-09-04
1522228170194818271,2025-09-04
1522327548243721536,2025-09-04
1585271561336614914,2025-09-04
1585271561336633444,2025-09-04
1585271561336694823,2025-09-04
1585271561336822479,2025-09-04
1585271561336904626,2025-09-04
1585271561336985149,2025-09-04
1585271561337001997,2025-09-04
1585271561337020061,2025-09-04
1585271561337032712,2025-09-04
1594287976076177216,2025-09-04
1739916987938841344,2025-09-04
1954573939019838786,2025-09-04
2017619691203430215,2025-09-04
2171162808295697920,2025-09-04
2233791780476071135,2025-09-04
2242805515093124224,2025-09-04
2603091666043309623,2025-09-04
2882310110228255577,2025-09-04
2892056331466722048,2025-09-04
3747000630363940378,2025-09-04
4107288419676846194,2025-09-04
4116303225502382720,2025-09-04
4548647573216189508,2025-09-04
5197165814501212096,2025-09-04
5332267584642577171,2025-09-04
5332267584642577320,2025-09-04
5404326610889164485,2025-09-04
5764614806234617398,2025-09-04
6052843423965704462,2025-09-04
6052843423965704702,2025-09-04
6494202667536138817,2025-09-04
7782225885427882465,2025-09-04
7854284809238590800,2025-09-04
7998399996666934086,2025-09-04
8079595734940443904,2025-09-04
8224044820656961152,2025-09-04
8367701467274729984,2025-09-04
8368046610810598016,2025-09-04
8502803222098581007,2025-09-04
946914460040435776,2025-09-05
1450170609329819785,2025-09-05
1513216533301069189,2025-09-05
1585271561336614914,2025-09-05
1585271561336935049,2025-09-05
1585271561337008195,2025-09-05
1585271561337009843,2025-09-05
1585271561337020878,2025-09-05
1585271561337035030,2025-09-05
1585271561337036473,2025-09-05
1585271561337037902,2025-09-05
2242805481916280257,2025-09-05
2305848744076623468,2025-09-05
2388593940434537216,2025-09-05
2819265587255210048,2025-09-05
3179553159315036544,2025-09-05
3747000630363940378,2025-09-05
3819059496266608833,2025-09-05
4035232106963127754,2025-09-05
4117430308736267393,2025-09-05
4260570098204493121,2025-09-05
4548647573216189508,2025-09-05
5332269562722802510,2025-09-05
5476383584065961994,2025-09-05
5485393630446062144,2025-09-05
5845683021737785745,2025-09-05
5917743795295974401,2025-09-05
6133914376630410496,2025-09-05
6196957590398471887,2025-09-05
6341074104264850314,2025-09-05
6566258848326415786,2025-09-05
6629304165209878813,2025-09-05
7576643904375722625,2025-09-05
7863297158852508864,2025-09-05
8368046610810598016,2025-09-05
9016219708573634752,2025-09-05
7023315206273,2025-09-06
369305952269615221,2025-09-06
369306588173643414,2025-09-06
504410216844887574,2025-09-06
946492507505883072,2025-09-06
1008811730717163802,2025-09-06
1017826200793646913,2025-09-06
1234000039061637504,2025-09-06
1585271561336626982,2025-09-06
1585271561336627008,2025-09-06
1585271561336695864,2025-09-06
1585271561336766040,2025-09-06
1585271561336902743,2025-09-06
1585271561336914069,2025-09-06
1585271561336981550,2025-09-06
1585271561336995760,2025-09-06
1585271561337010021,2025-09-06
1729388589032331985,2025-09-06
1954574044080790082,2025-09-06
2017618760585040015,2025-09-06
2098691289167691905,2025-09-06
2233791780476071135,2025-09-06
2819265587255210048,2025-09-06
3747000630363940378,2025-09-06
3747002170039225546,2025-09-06
3891117339130576747,2025-09-06
4188358933945245397,2025-09-06
4476590604025628032,2025-09-06
5044039385649898752,2025-09-06
5260209176225692826,2025-09-06
5980786504561921985,2025-09-06
6494204680310919616,2025-09-06
6557248384888777375,2025-09-06
7000147901829877888,2025-09-06
7791241212634245504,2025-09-06
7998400403885849124,2025-09-06
8439756777586741417,2025-09-06
8655930903394015552,2025-09-06
874855854027596352,2025-09-07
1017826062559976640,2025-09-07
1089883064924784002,2025-09-07
1162225048033493952,2025-09-07
1585271561336660127,2025-09-07
1585271561336775094,2025-09-07
1585271561336857693,2025-09-07
1585271561336950095,2025-09-07
1585271561337007204,2025-09-07
1585271561337014764,2025-09-07
1585271561337050126,2025-09-07
1873514497487928217,2025-09-07
1955985030040472000,2025-09-07
1956151497532999744,2025-09-07
2233791780476071135,2025-09-07
2233792891912840053,2025-09-07
2242805481916280257,2025-09-07
2305848744076623024,2025-09-07
2531882738174333184,2025-09-07
2594080439968917002,2025-09-07
3108949386821273216,2025-09-07
3386714639829443713,2025-09-07
3395728048205572672,2025-09-07
3891115984388077827,2025-09-07
4332819951031581440,2025-09-07
5332267584642577155,2025-09-07
5990866601320619776,2025-09-07
6052843423965704272,2025-09-07
6134172178354946816,2025-09-07
6269016405102146037,2025-09-07
6494531396630849664,2025-09-07
6557248473360856802,2025-09-07
6566259415539717973,2025-09-07
7576643904375722625,2025-09-07
7638112022221130127,2025-09-07
8151526484379737927,2025-09-07
360293909705804832,2025-09-08
360295029579446279,2025-09-08
657537196568798016,2025-09-08
1233997180257176773,2025-09-08
1233998612444276034,2025-09-08
1585271561336626054,2025-09-08
1585271561336915000,2025-09-08
1585271561337010551,2025-09-08
1873514497487928217,2025-09-08
2171356322342196032,2025-09-08
2233791780476071135,2025-09-08
2233802556162050177,2025-09-08
2242805481916280257,2025-09-08
2305848744076623794,2025-09-08
2315410463079109376,2025-09-08
2522022820172099456,2025-09-08
2603091666043309470,2025-09-08
3170542200554773569,2025-09-08
3395725322111671749,2025-09-08
3467784160333702145,2025-09-08
3611898983435468929,2025-09-08
3747000630363940378,2025-09-08
3828751370547352448,2025-09-08
3901267213057598848,2025-09-08
6341074104264855825,2025-09-08
6566259415539717973,2025-09-08
6629304165209876323,2025-09-08
6629304165209879016,2025-09-08
6701373375454321920,2025-09-08
6782432877799019008,2025-09-08
6927906236549392704,2025-09-08
7142785589095501632,2025-09-08
7576643904375722625,2025-09-08
7638112022221130081,2025-09-08
7791241212634245504,2025-09-08
7854284809238590800,2025-09-08
8935148960500683264,2025-09-08
369307611172934208,2025-09-09
369307611172937280,2025-09-09
729595702993863104,2025-09-09
874399557580952320,2025-09-09
946914460040435776,2025-09-09
1306055918923485313,2025-09-09
1585271561336778382,2025-09-09
1585271561336820883,2025-09-09
1585271561336910174,2025-09-09
1585271561336916995,2025-09-09
1585271561336926023,2025-09-09
1585271561336930630,2025-09-09
1585271561336934307,2025-09-09
1585271561336934723,2025-09-09
1585271561336982910,2025-09-09
1585271561336999191,2025-09-09
1585271561337029088,2025-09-09
1585274296737054803,2025-09-09
1667666403251123904,2025-09-09
1954573939019840002,2025-09-09
2017618263886176578,2025-09-09
2017618760585039891,2025-09-09
2242805481916280257,2025-09-09
2315410463079109376,2025-09-09
2386920338217059969,2025-09-09
2594080439968917002,2025-09-09
2819265587255210048,2025-09-09
3035439740714155136,2025-09-09
3467783911479848960,2025-09-09
3747000630363940378,2025-09-09
4188358933945245397,2025-09-09
4548647573216181953,2025-09-09
5116096122594410752,2025-09-09
5260209176225692809,2025-09-09
5332267584642577112,2025-09-09
5908729769446699202,2025-09-09
5980787599406315050,2025-09-09
5990866601320619776,2025-09-09
6269016405102144656,2025-09-09
6341072931965192587,2025-09-09
6341074104264851331,2025-09-09
6422376404000974784,2025-09-09
6485190517591018432,2025-09-09
6566258848326450193,2025-09-09
6629304165209878627,2025-09-09
6638373347198195904,2025-09-09
6701361217345430610,2025-09-09
6711600666779088385,2025-09-09
6854687332822115072,2025-09-09
6927906236549392704,2025-09-09
6998605980629639490,2025-09-09
7277824441388353858,2025-09-09
7576643904375722625,2025-09-09
7854285989967507009,2025-09-09
8214572793405073281,2025-09-09
8502804186997688729,2025-09-09
8935148960500683264,2025-09-09
9007204635750639287,2025-09-09
5034735007817,2025-09-10
297249475213373184,2025-09-10
297974111359456768,2025-09-10
369306588173643414,2025-09-10
504410216844887574,2025-09-10
513422920879684160,2025-09-10
874689828650696896,2025-09-10
1233998501833434304,2025-09-10
1585271561336629194,2025-09-10
1585271561336808997,2025-09-10
1585271561336835628,2025-09-10
1585271561336884663,2025-09-10
1585271561336906548,2025-09-10
1585271561336934307,2025-09-10
1585271561336934723,2025-09-10
1585271561336969686,2025-09-10
1585271561337003723,2025-09-10
1585271561337041917,2025-09-10
1810488552298001280,2025-09-10
2242804895778101824,2025-09-10
2305848744076623142,2025-09-10
2305848744076623794,2025-09-10
2305850098877774665,2025-09-10
2882310110228255577,2025-09-10
2963380294261557249,2025-09-10
3467784016540726144,2025-09-10
3747000630363940375,2025-09-10
3747000630363940378,2025-09-10
4837337629923812032,2025-09-10
5629513342402051201,2025-09-10
5980785973690676327,2025-09-10
6341072931965192050,2025-09-10
6566259758382327448,2025-09-10
6701361217345430395,2025-09-10
6927906236549392704,2025-09-10
7575067590023580160,2025-09-10
7576643904375722625,2025-09-10
7719183474830902656,2025-09-10
8511817191720792833,2025-09-10
360295281038589837,2025-09-11
369306588173643414,2025-09-11
1017826062559976640,2025-09-11
1161942522438334528,2025-09-11
1585271561336652799,2025-09-11
1585271561336660151,2025-09-11
1585271561336662224,2025-09-11
1585271561336690284,2025-09-11
1585271561336737333,2025-09-11
1585271561336870094,2025-09-11
1585271561336912413,2025-09-11
1585271561336990566,2025-09-11
1585271561336994883,2025-09-11
1585271561337000714,2025-09-11
1585271561337003081,2025-09-11
1585271561337009819,2025-09-11
1585271561337043788,2025-09-11
1594957087393754176,2025-09-11
2458979132178470977,2025-09-11
2522022433100765129,2025-09-11
3819059496266611136,2025-09-11
3963174911056333763,2025-09-11
3963174951955398626,2025-09-11
4107288419676846156,2025-09-11
4476590604025634241,2025-09-11
4539635606295686581,2025-09-11
4548647573216187331,2025-09-11
4908935609760525954,2025-09-11
5044039385649898752,2025-09-11
5414405334764342208,2025-09-11
6133915128677061312,2025-09-11
6557248116081171925,2025-09-11
6629304165209876610,2025-09-11
6629304165209879240,2025-09-11
6701361217345429137,2025-09-11
6917536153237304806,2025-09-11
7575066561518642178,2025-09-11
7576643904375722625,2025-09-11
7719181224280449171,2025-09-11
8791033531611703372,2025-09-11
8863091449405593921,2025-09-11
8935147025123496488,2025-09-11
1018760831666127104,2025-09-12
1162225048033493952,2025-09-12
1450167894921152512,2025-09-12
1585271561336820339,2025-09-12
1585271561337047893,2025-09-12
1585271561337051346,2025-09-12
1594284945847356739,2025-09-12
1595643182649518144,2025-09-12
1666344126885338816,2025-09-12
1956151497532999744,2025-09-12
2170748346835341760,2025-09-12
2242805481916280257,2025-09-12
2388593940434537216,2025-09-12
2603093153510717570,2025-09-12
2963380814038313473,2025-09-12
3035438502080357056,2025-09-12
3179555089145714112,2025-09-12
3242598857385037098,2025-09-12
3747000630363940378,2025-09-12
3747000630363940956,2025-09-12
4764817325728901248,2025-09-12
4837681717213271744,2025-09-12
4910082336722384384,2025-09-12
5054408160956448896,2025-09-12
5332267584642577443,2025-09-12
5476383163815322062,2025-09-12
5620499395138991826,2025-09-12
5980787364025193058,2025-09-12
6052843423965704632,2025-09-12
6052843423965704831,2025-09-12
6629304165209878003,2025-09-12
6711477864312357568,2025-09-12
7061651753288142016,2025-09-12
7215599708055690752,2025-09-12
7503108959524484672,2025-09-12
7576643904375722625,2025-09-12
7935353580615477845,2025-09-12
7998400403885849990,2025-09-12
8223584117119189458,2025-09-12
8367700483004796417,2025-09-12
8511817191720792833,2025-09-12
8791033531835244932,2025-09-12
8801543622528988544,2025-09-12
9079264895077392192,2025-09-12
9018203264608292,2025-09-13
369306588173643414,2025-09-13
864698737912134848,2025-09-13
1306055321721055758,2025-09-13
1585271561336668603,2025-09-13
1585271561336824147,2025-09-13
1585271561336916995,2025-09-13
1585271561336950664,2025-09-13
1585271561336952465,2025-09-13
1585271561337012010,2025-09-13
1585271561337051675,2025-09-13
1954574044080790913,2025-09-13
2233792637557835906,2025-09-13
2242803817500331040,2025-09-13
2242805481916280257,2025-09-13
2314997046707036224,2025-09-13
2386919226766870287,2025-09-13
2594080439968917002,2025-09-13
2603091538862898244,2025-09-13
2603093153510717570,2025-09-13
2675152120263606785,2025-09-13
2882311017076507585,2025-09-13
3036618914833532544,2025-09-13
3251612677654323713,2025-09-13
3323697511522713536,2025-09-13
3747000630363940378,2025-09-13
3747000630363940460,2025-09-13
4404648890887704256,2025-09-13
4548647573216187331,2025-09-13
4693724001627148928,2025-09-13
5053051273388340352,2025-09-13
5269222534854845313,2025-09-13
5332267584642577308,2025-09-13
6269017715674911808,2025-09-13
6350087783588510912,2025-09-13
6701361217345429716,2025-09-13
6711539094127931456,2025-09-13
7277824839530652354,2025-09-13
7430950853652251718,2025-09-13
7576643904375722625,2025-09-13
7719182053721745920,2025-09-13
7926341023773843088,2025-09-13
7998399998816616136,2025-09-13
8142515912690093315,2025-09-13
8214573009054501301,2025-09-13
8214573009054501316,2025-09-13
8358687489347898781,2025-09-13
8367782728019915328,2025-09-13
8511817191720792833,2025-09-13
8656751577658210240,2025-09-13
8801543622528988544,2025-09-13
8872102004503143591,2025-09-13
9089915045826494208,2025-09-13
9074775566146560,2025-09-14
153134458553131268,2025-09-14
225193202749187840,2025-09-14
369306588173643414,2025-09-14
864698737912134848,2025-09-14
874855854027596352,2025-09-14
875393366793077760,2025-09-14
936754186446804364,2025-09-14
1585271561336618804,2025-09-14
1585271561336926077,2025-09-14
1585271561336977402,2025-09-14
1585271561336978783,2025-09-14
1585271561337019786,2025-09-14
1666342545419677461,2025-09-14
1666857162693006912,2025-09-14
1729388589032331985,2025-09-14
1739916987938841344,2025-09-14
1883917688565411456,2025-09-14
2089677781257940480,2025-09-14
2314997046707036224,2025-09-14
2531033574337163890,2025-09-14
3251609575546333699,2025-09-14
3747000630363940378,2025-09-14
4179348047056553453,2025-09-14
4323473004444958080,2025-09-14
4405582338509074176,2025-09-14
4406092511904389440,2025-09-14
4620705194905618881,2025-09-14
4837337629923812032,2025-09-14
5116096277414528843,2025-09-14
5332267584642577171,2025-09-14
5764612461673938508,2025-09-14
5989799398687552961,2025-09-14
6052843423965704338,2025-09-14
6341072931965192431,2025-09-14
6710633997955203328,2025-09-14
7000007313155770752,2025-09-14
7576643904375722625,2025-09-14
8007412236336259073,2025-09-14
8368855851368674816,2025-09-14
8502803222098580909,2025-09-14
8729108155934099008,2025-09-14
8801499642063875712,2025-09-14
8935148650840696384,2025-09-14
9918971339805824,2025-09-15
369306588173643414,2025-09-15
864698737912134848,2025-09-15
1017826062559976640,2025-09-15
1297043019275485381,2025-09-15
1369101741337283277,2025-09-15
1585271561336824147,2025-09-15
1585271561337012029,2025-09-15
1585271561337047436,2025-09-15
1594286942038495744,2025-09-15
1739916987938841344,2025-09-15
1883917688565411456,2025-09-15
2305848744076622807,2025-09-15
2386919846102509888,2025-09-15
2594080439968917002,2025-09-15
2963380294261557249,2025-09-15
3035438502080357056,2025-09-15
3323669928856643520,2025-09-15
3530829233426744977,2025-09-15
3963174911056333763,2025-09-15
4404534281793752385,2025-09-15
4611694214010660315,2025-09-15
4693213739758153216,2025-09-15
4837337629923812032,2025-09-15
5044039385649898752,2025-09-15
5198136641676584448,2025-09-15
5269824042523099520,2025-09-15
5332267584642577160,2025-09-15
5332267584642577171,2025-09-15
5629511854270504897,2025-09-15
5764614806234616984,2025-09-15
6557248337431441997,2025-09-15
6701361217345430138,2025-09-15
6711539094127931456,2025-09-15
6927906236549392704,2025-09-15
7287779579151735296,2025-09-15
7430951976169582016,2025-09-15
7719181970776511680,2025-09-15
7782225885427882401,2025-09-15
8079470792529455104,2025-09-15
8511816616643963712,2025-09-15
8583871904837544942,2025-09-15
9018070553843474,2025-09-16
360293909705804832,2025-09-16
369306588173643414,2025-09-16
369307611172934656,2025-09-16
720580779483787593,2025-09-16
729595691934240384,2025-09-16
864698737912134848,2025-09-16
1008814384946819138,2025-09-16
1306199128137519168,2025-09-16
1522228828218252608,2025-09-16
1522228828218257856,2025-09-16
1585271561336623298,2025-09-16
1585271561336824147,2025-09-16
1585271561336957025,2025-09-16
1585271561336966601,2025-09-16
1585271561336981072,2025-09-16
1585271561337011960,2025-09-16
1585271561337020841,2025-09-16
1585271561337026643,2025-09-16
1585271561337026805,2025-09-16
1585271561337028593,2025-09-16
1739916987938841344,2025-09-16
2170746759837790082,2025-09-16
2305848744076622645,2025-09-16
2449965668495115531,2025-09-16
2882310110228255683,2025-09-16
3035438258777610753,2025-09-16
3467784160333696578,2025-09-16
3828751370547352448,2025-09-16
4548647573216187331,2025-09-16
4694163717804585153,2025-09-16
4755806029018135186,2025-09-16
5269222877690299145,2025-09-16
5332267584642577160,2025-09-16
5413337214202460210,2025-09-16
5413337407743933082,2025-09-16
5917742346563020225,2025-09-16
5980787364025192643,2025-09-16
6052843423965704773,2025-09-16
6061856445285913217,2025-09-16
6061859049728066433,2025-09-16
6422146987777157888,2025-09-16
6629304165209876463,2025-09-16
6629304165209877658,2025-09-16
6927906236549392704,2025-09-16
7349881930372709760,2025-09-16
7493996866413375674,2025-09-16
7575066561518642497,2025-09-16
7854284809238590800,2025-09-16
7864065510043632448,2025-09-16
8367701467274729984,2025-09-16
8511815671081382208,2025-09-16
8511816616643963712,2025-09-16
8800044858368714757,2025-09-16
153134458553131268,2025-09-17
369306588173643414,2025-09-17
657538164249049536,2025-09-17
1585271561336828790,2025-09-17
1585271561336838474,2025-09-17
1585271561336915000,2025-09-17
1585271561336957025,2025-09-17
1585271561336980005,2025-09-17
1585271561337008237,2025-09-17
1585271561337023406,2025-09-17
1585271561337032322,2025-09-17
2386918729101108454,2025-09-17
2738194092690289732,2025-09-17
2882311520272393920,2025-09-17
3747000630363940576,2025-09-17
3963175209649621266,2025-09-17
4548647573216189508,2025-09-17
4764817325728908033,2025-09-17
4837337629923812032,2025-09-17
5116096277414528843,2025-09-17
5269222877690299145,2025-09-17
5485397401632597504,2025-09-17
5629513220079284288,2025-09-17
6061859049728066433,2025-09-17
6196960145816224397,2025-09-17
6494548988816895168,2025-09-17
6629304165209877571,2025-09-17
6711477864312357568,2025-09-17
6927906236549392704,2025-09-17
6998605980629639490,2025-09-17
7215494154939420416,2025-09-17
7854284809238590800,2025-09-17
8295641351737671620,2025-09-17
8367701467274729984,2025-09-17
8511817191720792833,2025-09-17
8801499642063875712,2025-09-17
8945853187268876992,2025-09-17
369305764258770457,2025-09-18
369306588173643414,2025-09-18
874855854027596352,2025-09-18
1585271561336614914,2025-09-18
1585271561336778210,2025-09-18
1585271561336826355,2025-09-18
1585271561336938714,2025-09-18
1585271561337003790,2025-09-18
1585271561337012809,2025-09-18
1585271561337035373,2025-09-18
1667489487977685569,2025-09-18
1810770027274529152,2025-09-18
1954612839528941696,2025-09-18
2099298844425348672,2025-09-18
2305848744076622360,2025-09-18
2603093153510717570,2025-09-18
3098483602160403466,2025-09-18
3747000630363940429,2025-09-18
3819059496266608833,2025-09-18
4260930738018419840,2025-09-18
4323460437143802739,2025-09-18
4611694214010660315,2025-09-18
4693363361813221952,2025-09-18
4836876699678227158,2025-09-18
5332267584642577027,2025-09-18
5413337407743933006,2025-09-18
5980787364025192643,2025-09-18
5980787599406315725,2025-09-18
6052843423965704312,2025-09-18
6196960145816224397,2025-09-18
6341074104264852173,2025-09-18
6927906236549392704,2025-09-18
7349892130985189121,2025-09-18
7566064520488142070,2025-09-18
7576643904375722625,2025-09-18
7854285741139052608,2025-09-18
8296147274424255296,2025-09-18
8872102004503143591,2025-09-18
216179783312340097,2025-09-19
360295029579446279,2025-09-19
369306588173643414,2025-09-19
1233997180257176773,2025-09-19
1369101741337283277,2025-09-19
1585271561336617838,2025-09-19
1585271561336654937,2025-09-19
1585271561336778210,2025-09-19
1585271561336800124,2025-09-19
1585271561336938282,2025-09-19
1585271561337035373,2025-09-19
1666343015431464640,2025-09-19
1739916987938841344,2025-09-19
2098735651169564096,2025-09-19
2305848744076623859,2025-09-19
2594080439968917002,2025-09-19
2882310110228255577,2025-09-19
2954368644292678146,2025-09-19
3035439740714155136,2025-09-19
3035695363773500224,2025-09-19
3098483602160404120,2025-09-19
3314654999816724357,2025-09-19
3685155140900563584,2025-09-19
3756013972445798272,2025-09-19
3819059828034287247,2025-09-19
4260416422919966855,2025-09-19
4260930738018419840,2025-09-19
4548647573216187331,2025-09-19
4548647573216189508,2025-09-19
4764817325728908033,2025-09-19
5044039385649898752,2025-09-19
5269222534854845313,2025-09-19
5332267584642577160,2025-09-19
5557453419725369300,2025-09-19
6052843423965704787,2025-09-19
6341074104264852773,2025-09-19
6629304165209876621,2025-09-19
6629304165209877879,2025-09-19
6701361217345429219,2025-09-19
6855188710124404544,2025-09-19
7576643904375722625,2025-09-19
8367701467274729984,2025-09-19
8511817191720792833,2025-09-19
8656346857865876672,2025-09-19
7023315206272,2025-09-20
360295281038589837,2025-09-20
369306588173643414,2025-09-20
585476865998961089,2025-09-20
864698737912134848,2025-09-20
875393366793077760,2025-09-20
1008811907659198090,2025-09-20
1162163475382335168,2025-09-20
1369101741337282582,2025-09-20
1585271561336622539,2025-09-20
1585271561336868304,2025-09-20
1585271561336939603,2025-09-20
1585271561336939620,2025-09-20
1585271561336983258,2025-09-20
1585271561336987246,2025-09-20
1585271561337008237,2025-09-20
1585271561337025431,2025-09-20
1585271561337041917,2025-09-20
1585271561337045107,2025-09-20
1585271561337050448,2025-09-20
1595811337136054528,2025-09-20
1739916987938841344,2025-09-20
1810770027274529152,2025-09-20
2089675027498409365,2025-09-20
2305848744076623859,2025-09-20
2449965477186178842,2025-09-20
3242598857385037098,2025-09-20
3901644466241374272,2025-09-20
4035232106963127754,2025-09-20
4179348185308884928,2025-09-20
4693724001627148928,2025-09-20
4764817325728908033,2025-09-20
5116096277414531212,2025-09-20
5269824042523099520,2025-09-20
5332267584642577160,2025-09-20
5980787599406315050,2025-09-20
6196961100373024751,2025-09-20
6341074104264850115,2025-09-20
6341074104264852291,2025-09-20
6422376404000974784,2025-09-20
6485190696845707269,2025-09-20
6629304165209876826,2025-09-20
6927906236549392704,2025-09-20
7214778762743763392,2025-09-20
7719181224280449171,2025-09-20
7782237330259701633,2025-09-20
8224044820656961152,2025-09-20
8367701467274729984,2025-09-20
8727988444133190016,2025-09-20
8935147025123495532,2025-09-20
5034735006326,2025-09-21
5034735007115,2025-09-21
9018136908948910,2025-09-21
81078672694339200,2025-09-21
225193871829625986,2025-09-21
442290962553988736,2025-09-21
946553516040883456,2025-09-21
1017826200793646913,2025-09-21
1585271561336605186,2025-09-21
1585271561336651492,2025-09-21
1585271561336662224,2025-09-21
1585271561336826584,2025-09-21
1585271561336916995,2025-09-21
1585271561337009925,2025-09-21
1594285565167032960,2025-09-21
1666345625407870272,2025-09-21
1729390231323623488,2025-09-21
2170746759837789185,2025-09-21
2233792554604318717,2025-09-21
2305848744076622406,2025-09-21
2594080773626550042,2025-09-21
2738194092690288910,2025-09-21
2820236314942204544,2025-09-21
3242598792210971339,2025-09-21
3251609575546333699,2025-09-21
3386724022051400388,2025-09-21
3530829233426743085,2025-09-21
4035232106963127754,2025-09-21
4333867294357128384,2025-09-21
4692763109658532353,2025-09-21
4693724001627148928,2025-09-21
4764817325728908033,2025-09-21
4980992761430891328,2025-09-21
5188154264055125095,2025-09-21
5198136641676584448,2025-09-21
5269824042523099520,2025-09-21
5332267584642577160,2025-09-21
6278261398401737408,2025-09-21
6341072931965192050,2025-09-21
6341074104264852173,2025-09-21
6629304165209876826,2025-09-21
6927906236549392704,2025-09-21
7576643904375722625,2025-09-21
8369066763927078144,2025-09-21
8585600114144214976,2025-09-21
8801693156110371584,2025-09-21
9079264347632290093,2025-09-21
9088367021928233216,2025-09-21
5034735007817,2025-09-22
585479973014342210,2025-09-22
801651201304651476,2025-09-22
1008814384946819138,2025-09-22
1378110665222670401,2025-09-22
1513216560753935818,2025-09-22
1585271561336614914,2025-09-22
1585271561336621440,2025-09-22
1585271561336654772,2025-09-22
1585271561336775309,2025-09-22
1585271561336839479,2025-09-22
1585271561336937820,2025-09-22
1585271561337020657,2025-09-22
1585271561337045813,2025-09-22
1585271561337054199,2025-09-22
1954572816503618188,2025-09-22
1954920702784737664,2025-09-22
2017618760585040015,2025-09-22
2089675027498409365,2025-09-22
2242801434868013825,2025-09-22
2305848744076623821,2025-09-22
2594080439968917002,2025-09-22
2604256311380796096,2025-09-22
2738194092690288910,2025-09-22
2738196088883861583,2025-09-22
3035438529728166147,2025-09-22
3036777244507937536,2025-09-22
3467783911479856448,2025-09-22
3611898983435468929,2025-09-22
3901143088939080448,2025-09-22
4179347997302420034,2025-09-22
4334104180612880384,2025-09-22
4692759896965140290,2025-09-22
5188164337494697408,2025-09-22
5269367519284307392,2025-09-22
5701568878757409536,2025-09-22
6629304165209876773,2025-09-22
6629304165209876826,2025-09-22
6701361217345430821,2025-09-22
6773419624250028228,2025-09-22
6783657923511914560,2025-09-22
7719181224280448770,2025-09-22
7782225885427882334,2025-09-22
7998399998816616136,2025-09-22
8367701467274729984,2025-09-22
8368846861601515456,2025-09-22
8872102557463947648,2025-09-22
5034735007817,2025-09-23
298439480320882880,2025-09-23
369307611172937280,2025-09-23
720583759961119936,2025-09-23
875243833211695424,2025-09-23
945767318361640843,2025-09-23
1008814384946819138,2025-09-23
1369101741337283412,2025-09-23
1378110665222670401,2025-09-23
1585271561336704203,2025-09-23
1585271561336937533,2025-09-23
1585271561336947644,2025-09-23
1585271561336994142,2025-09-23
1585271561337008237,2025-09-23
1585271561337032322,2025-09-23
1585271561337034979,2025-09-23
1585271561337036473,2025-09-23
1585271561337052854,2025-09-23
1585271561337054199,2025-09-23
2089675984079929177,2025-09-23
2098689093918501441,2025-09-23
2161745116950775169,2025-09-23
2242801434868013825,2025-09-23
2458977252122155712,2025-09-23
2819264099792802006,2025-09-23
3251612439879604416,2025-09-23
3891115984388077790,2025-09-23
4262020939262352384,2025-09-23
4549908195901423808,2025-09-23
4694084552967383042,2025-09-23
4764817325728908033,2025-09-23
5198136641676584448,2025-09-23
5332267584642577160,2025-09-23
5980785973690676433,2025-09-23
6557248337293373087,2025-09-23
6629304165209876826,2025-09-23
7000007313155770752,2025-09-23
7863297158852513217,2025-09-23
7926341023773842837,2025-09-23
7998399998816616136,2025-09-23
8502804186997688729,2025-09-23
8728518817701585984,2025-09-23
9007204939872883172,2025-09-23
1233998612444276546,2025-09-24
1306055183486761740,2025-09-24
1369101741337283277,2025-09-24
1585271561336611199,2025-09-24
1585271561336717022,2025-09-24
1585271561336726980,2025-09-24
1585271561336915000,2025-09-24
1585271561336918934,2025-09-24
1585271561337001875,2025-09-24
1585271561337006096,2025-09-24
1585271561337052854,2025-09-24
1739916987938841344,2025-09-24
2449965262016764108,2025-09-24
2738194092690288910,2025-09-24
2810253572328673248,2025-09-24
3107497533813582784,2025-09-24
3242598913584033009,2025-09-24
3251609575546333699,2025-09-24
4107288419676846176,2025-09-24
4548647573216187331,2025-09-24
4611694214010660315,2025-09-24
4620705515620634944,2025-09-24
4692759896965140290,2025-09-24
4693943903952713920,2025-09-24
4764820172847182977,2025-09-24
4980991965168188033,2025-09-24
5332267584642577160,2025-09-24
5557452949714472260,2025-09-24
5557453707269750592,2025-09-24
5917738752920382337,2025-09-24
6052843423965704501,2025-09-24
6061859049728065474,2025-09-24
6061859049728066433,2025-09-24
6494202667536137920,2025-09-24
6629304165209878451,2025-09-24
6927906236549392704,2025-09-24
7142785589095501632,2025-09-24
7349881720239711950,2025-09-24
7576643904375722625,2025-09-24
7791239785997583232,2025-09-24
7791241212634245504,2025-09-24
8151526484379737927,2025-09-24
8367701467274729984,2025-09-24
8801755613829396416,2025-09-24
8863091126132830545,2025-09-24
8935147025123495674,2025-09-24
5034735006047,2025-09-25
360293909705804832,2025-09-25
369307611172955267,2025-09-25
1369101741337283277,2025-09-25
1450168049750223233,2025-09-25
1585271561336586744,2025-09-25
1585271561336694823,2025-09-25
1585271561336717022,2025-09-25
1585271561336832225,2025-09-25
1585271561336873350,2025-09-25
1585271561337011960,2025-09-25
1585271561337034979,2025-09-25
1585271561337043107,2025-09-25
1585271561337052854,2025-09-25
2098735651169564096,2025-09-25
2242804895778101824,2025-09-25
2305848744076622417,2025-09-25
2531033574337164798,2025-09-25
2594080773626550032,2025-09-25
3242598926442262465,2025-09-25
3539841704581788289,2025-09-25
4188358270391977168,2025-09-25
4404531555695193107,2025-09-25
4621358207027894144,2025-09-25
5116095829525861647,2025-09-25
5413337214202460145,2025-09-25
5764615010830211364,2025-09-25
5836672477688188876,2025-09-25
6413133404652387490,2025-09-25
6701361217345429218,2025-09-25
7576643904375722625,2025-09-25
7647124409916187843,2025-09-25
8367701467274729984,2025-09-25
8800858412341058689,2025-09-25
8935147025123495674,2025-09-25
9019386599902081,2025-09-26
72062311491580120,2025-09-26
657537196568802050,2025-09-26
792638362462535733,2025-09-26
947310544156978304,2025-09-26
1306110973670995840,2025-09-26
1450172373279334913,2025-09-26
1513216533926154380,2025-09-26
1585271561336586744,2025-09-26
1585271561336656962,2025-09-26
1585271561336830888,2025-09-26
1585271561336934288,2025-09-26
1585271561336947985,2025-09-26
1585271561337011630,2025-09-26
1585271561337011900,2025-09-26
1585271561337012809,2025-09-26
1585271561337051837,2025-09-26
1585274296737055300,2025-09-26
1594711382926345728,2025-09-26
1595230352414679104,2025-09-26
1738402666486488576,2025-09-26
2963380294261557249,2025-09-26
3458771664316827264,2025-09-26
3467784171369747138,2025-09-26
3747001515156930818,2025-09-26
3900130399151679296,2025-09-26
4332474287908263557,2025-09-26
4405371232276531776,2025-09-26
4476588735011997581,2025-09-26
4694401212316192064,2025-09-26
4764817325728908033,2025-09-26
5269224077618120705,2025-09-26
5413337214202463640,2025-09-26
5774465552412989760,2025-09-26
6052843423965704632,2025-09-26
6124903351516350848,2025-09-26
6341074104264849894,2025-09-26
6629304165209876465,2025-09-26
6629305709414973060,2025-09-26
6711785384732560128,2025-09-26
6917536153237304806,2025-09-26
7576643904375722625,2025-09-26
8584139868486080640,2025-09-26
8655932031432152448,2025-09-26
8791033899596157087,2025-09-26
8872102004503143605,2025-09-26
8872102557463947648,2025-09-26
8872103851395034624,2025-09-26
8935147025123495532,2025-09-26
8935148960500686848,2025-09-26
7023315206272,2025-09-27
9018347033772590,2025-09-27
9989555737518336,2025-09-27
369305952269615221,2025-09-27
513421936608554178,2025-09-27
658376259301395392,2025-09-27
946914460040435776,2025-09-27
1585271561336725651,2025-09-27
1585271561336731388,2025-09-27
1585271561336815386,2025-09-27
1585271561336832225,2025-09-27
1585271561336866220,2025-09-27
1585271561336914069,2025-09-27
1585271561337020657,2025-09-27
2242804895778101824,2025-09-27
2819265587255210433,2025-09-27
3107495819638271298,2025-09-27
3891115984388077901,2025-09-27
3891117137724905996,2025-09-27
3972185637577204361,2025-09-27
4476591466642187584,2025-09-27
4764817325728908033,2025-09-27
4764820333211848641,2025-09-27
4764820333211850242,2025-09-27
4980994376076635008,2025-09-27
5054469844198915136,2025-09-27
5197164996113048095,2025-09-27
5269222877690299145,2025-09-27
5917742103239449664,2025-09-27
6052843423965704312,2025-09-27
6052843423965704624,2025-09-27
6124902627122868257,2025-09-27
6133915128677070788,2025-09-27
6278735978234865280,2025-09-27
6341074104264854133,2025-09-27
6927906236549392704,2025-09-27
7421937898647071621,2025-09-27
7576643904375722625,2025-09-27
7719183485888315585,2025-09-27
7791241212634245504,2025-09-27
7854284809238590800,2025-09-27
7998400403885849124,2025-09-27
8214572793405073281,2025-09-27
8223585134570187776,2025-09-27
8367700322646860865,2025-09-27
8727988444133190403,2025-09-27
8800858412341058689,2025-09-27
8872103381380754816,2025-09-27
8935147025123496246,2025-09-27
5034735006035,2025-09-28
5034735006047,2025-09-28
5034735007627,2025-09-28
225192694025031873,2025-09-28
369307611172958851,2025-09-28
432351254888983589,2025-09-28
658983189719959233,2025-09-28
720583571943288657,2025-09-28
864698737912134848,2025-09-28
1306055321721055766,2025-09-28
1585271561336597545,2025-09-28
1585271561336611209,2025-09-28
1585271561336640063,2025-09-28
1585271561336747433,2025-09-28
1585271561336775094,2025-09-28
1585271561336807123,2025-09-28
1585271561336888673,2025-09-28
1585271561336928692,2025-09-28
1585271561337012010,2025-09-28
1585271561337017810,2025-09-28
1955870680831180224,2025-09-28
2305848744076622757,2025-09-28
2305848744076623627,2025-09-28
2314971322154710848,2025-09-28
2386920338217062273,2025-09-28
4548647573216189315,2025-09-28
4764817325728908033,2025-09-28
5116096277414528794,2025-09-28
5116096277414528843,2025-09-28
5197164996113048095,2025-09-28
5548441990942654369,2025-09-28
5774218868891409024,2025-09-28
6052843423965704251,2025-09-28
6052843423965704661,2025-09-28
6052843423965704734,2025-09-28
6061859049728065089,2025-09-28
6061859049728066433,2025-09-28
6278622038215673792,2025-09-28
6278735978234865280,2025-09-28
6279413277397629056,2025-09-28
6629304165209877805,2025-09-28
6629304165209878003,2025-09-28
6638317789257440768,2025-09-28
7791241212634245120,2025-09-28
7854284809238590800,2025-09-28
8502803222098581698,2025-09-28
8872102004503143591,2025-09-28
8872102557463947648,2025-09-28
5034735007817,2025-09-29
9989555737518336,2025-09-29
360292886711887530,2025-09-29
513421936608554178,2025-09-29
1233998501833434304,2025-09-29
1306055918923481346,2025-09-29
1522327548243721536,2025-09-29
1585271561336680948,2025-09-29
1585271561336724594,2025-09-29
1585271561336807123,2025-09-29
1585271561336824147,2025-09-29
1585271561336894566,2025-09-29
1585271561336912413,2025-09-29
1585271561336914069,2025-09-29
1585271561337023951,2025-09-29
1585271561337032914,2025-09-29
1585271561337040891,2025-09-29
1585271561337044238,2025-09-29
1585271561337044546,2025-09-29
1585271561337054131,2025-09-29
1955623720891448128,2025-09-29
2305848854728059859,2025-09-29
2531033574337164671,2025-09-29
3179555089145714754,2025-09-29
3828303991884898688,2025-09-29
3963174951955398626,2025-09-29
4035232106963127754,2025-09-29
4260930738018419840,2025-09-29
4323463152188622715,2025-09-29
4332474896165289664,2025-09-29
4467577916331478959,2025-09-29
4548647573216189508,2025-09-29
4548648150500965763,2025-09-29
4764817325728908033,2025-09-29
4908937353777220352,2025-09-29
5053051273388342465,2025-09-29
5116096277414528843,2025-09-29
5116096277414531212,2025-09-29
5197164996113048095,2025-09-29
5260209176225692809,2025-09-29
5692557201135916609,2025-09-29
6279774497819671808,2025-09-29
6341074104264850144,2025-09-29
6341074104264854133,2025-09-29
6423361566419522688,2025-09-29
6485190517591018432,2025-09-29
6629304165209877734,2025-09-29
6629304165209878003,2025-09-29
6629304165209879147,2025-09-29
6917536153237305201,2025-09-29
7421937771504245228,2025-09-29
7576643904375722625,2025-09-29
7782225973962771492,2025-09-29
7854284809238590800,2025-09-29
8214573661547136012,2025-09-29
8367701467274729984,2025-09-29
8502803222098582220,2025-09-29
8583937796138856512,2025-09-29
8656829890936839488,2025-09-29
8944162457352544704,2025-09-29
5034735007521,2025-09-30
513421936608554178,2025-09-30
585481360945763072,2025-09-30
657538164249049920,2025-09-30
947494056560982336,2025-09-30
1585271561336613208,2025-09-30
1585271561336704203,2025-09-30
1585271561336766040,2025-09-30
1585271561336804332,2025-09-30
1585271561336824147,2025-09-30
1585271561336938692,2025-09-30
1585271561336969686,2025-09-30
1585271561337009925,2025-09-30
1585271561337015499,2025-09-30
1585271561337036739,2025-09-30
1585271561337038149,2025-09-30
2098689093918505280,2025-09-30
2242803817500331049,2025-09-30
2305848744076622115,2025-09-30
2305848744076623087,2025-09-30
2449965110012013066,2025-09-30
2738194092690289790,2025-09-30
2810253572328673248,2025-09-30
2963380294261557249,2025-09-30
3314657355444378182,2025-09-30
3963174951955398626,2025-09-30
4188356816114174594,2025-09-30
4323463152188622715,2025-09-30
4404534281793757120,2025-09-30
4405582338509074176,2025-09-30
4477595343747954944,2025-09-30
4620705515620634944,2025-09-30
4764817325728908033,2025-09-30
5116096277414531212,2025-09-30
5260209176225692809,2025-09-30
5269224956824505472,2025-09-30
5629512838538415232,2025-09-30
5630182746138349696,2025-09-30
6052843423965704632,2025-09-30
6413132928739243471,2025-09-30
6557248337293372492,2025-09-30
6566258848326450383,2025-09-30
6629304165209876323,2025-09-30
6629304165209877879,2025-09-30
6629304165209878547,2025-09-30
7286835162388063761,2025-09-30
7503108959524484672,2025-09-30
7576643904375722625,2025-09-30
7864065510043632448,2025-09-30
8224669680567268800,2025-09-30
5034735006998,2025-10-01
9989555737518336,2025-10-01
226944985535436544,2025-10-01
576465923186619466,2025-10-01
792639191900656642,2025-10-01
801651201304651908,2025-10-01
1008813765626946051,2025-10-01
1008813765626954944,2025-10-01
1585271561336641278,2025-10-01
1585271561336704203,2025-10-01
1585271561336720000,2025-10-01
1585271561336766040,2025-10-01
1585271561336859658,2025-10-01
1585271561336901830,2025-10-01
1585271561336966147,2025-10-01
1585271561336969686,2025-10-01
1585271561336978783,2025-10-01
1585271561337021320,2025-10-01
1729388589032331985,2025-10-01
1945561990454462081,2025-10-01
1956160957411858048,2025-10-01
2233792891912840132,2025-10-01
2387749754247665344,2025-10-01
2449965668495115531,2025-10-01
2594090570578290976,2025-10-01
2821000463527800192,2025-10-01
3035563848157528640,2025-10-01
3098483602160404120,2025-10-01
3467784016540726144,2025-10-01
3467784160333701762,2025-10-01
3611900288419910848,2025-10-01
3674943108267374686,2025-10-01
3685155140900563584,2025-10-01
4035232106963127754,2025-10-01
4188356816114174594,2025-10-01
4261264143486288320,2025-10-01
4332926112403708992,2025-10-01
4333955255287353088,2025-10-01
4405994693120169024,2025-10-01
4548647573216187331,2025-10-01
4910574917931652033,2025-10-01
5116096277414528843,2025-10-01
5629511854270502785,2025-10-01
5629512114161342273,2025-10-01
5701569099948066304,2025-10-01
5845684785681182273,2025-10-01
5918087169164797888,2025-10-01
5991482593310920128,2025-10-01
6052843423965704127,2025-10-01
6052843423965704243,2025-10-01
6133914376630410496,2025-10-01
6134234458814318272,2025-10-01
6196958805535046283,2025-10-01
6278735978234865280,2025-10-01
6341074104264853846,2025-10-01
6566258848326450200,2025-10-01
6629304165209876304,2025-10-01
6629304165209876323,2025-10-01
6701373375454320384,2025-10-01
7142785589095501632,2025-10-01
7214778464155600897,2025-10-01
7215564523683600896,2025-10-01
7576643904375722625,2025-10-01
7998400403885849124,2025-10-01
8367844300671076672,2025-10-01
8935147025123495532,2025-10-01
9079264347632290584,2025-10-01
7023315206273,2025-10-02
9989555737518336,2025-10-02
432351254888983589,2025-10-02
657538164249049920,2025-10-02
792639191900656642,2025-10-02
873711029307180992,2025-10-02
945766992112357711,2025-10-02
946895922235440576,2025-10-02
1008813765626946051,2025-10-02
1306110973670995840,2025-10-02
1585271561336641278,2025-10-02
1585271561336812739,2025-10-02
1585271561336914069,2025-10-02
1585271561337001875,2025-10-02
1585271561337039694,2025-10-02
1585271561337049547,2025-10-02
1585271561337053497,2025-10-02
1738401389149749952,2025-10-02
1873514497487928217,2025-10-02
1955193387179367296,2025-10-02
2242804895778101824,2025-10-02
2531033574337165970,2025-10-02
3242598913584031904,2025-10-02
3963174951955399571,2025-10-02
4107288419676846176,2025-10-02
4323473004444958080,2025-10-02
4332819951031581440,2025-10-02
4539635606295686388,2025-10-02
4764817325728908033,2025-10-02
4764820084381305025,2025-10-02
4980994376076635008,2025-10-02
5053546254431543744,2025-10-02
5548441990942656933,2025-10-02
5980787364025193058,2025-10-02
5980787599406315060,2025-10-02
6052843423965704312,2025-10-02
6052843423965704468,2025-10-02
6133915001473537600,2025-10-02
6205971677594288269,2025-10-02
6341074104264851715,2025-10-02
6422376404000974784,2025-10-02
6629304165209878917,2025-10-02
6701361217345429627,2025-10-02
7072249940528706432,2025-10-02
7142969781737756800,2025-10-02
7782237330259700096,2025-10-02
7791241212634245504,2025-10-02
7998400403885849124,2025-10-02
8872102004503143591,2025-10-02
9007204939872883111,2025-10-02
9079264850830346577,2025-10-02
5034735007083,2025-10-03
5034735007839,2025-10-03
360295281038589837,2025-10-03
432351254888982820,2025-10-03
1306110973670995840,2025-10-03
1585271561336682747,2025-10-03
1585271561336772334,2025-10-03
1585271561336824147,2025-10-03
1585271561336826681,2025-10-03
1585271561336914069,2025-10-03
1585271561336926023,2025-10-03
1585271561336934307,2025-10-03
1585271561336955795,2025-10-03
1585271561337020657,2025-10-03
1585271561337038479,2025-10-03
1729388589032332138,2025-10-03
2089677781257943170,2025-10-03
2098689923357003649,2025-10-03
2386920338217059969,2025-10-03
2522022886527755904,2025-10-03
2531033574337165251,2025-10-03
2675170424385114432,2025-10-03
2738194092690289061,2025-10-03
3747000630363940378,2025-10-03
3747000630363940460,2025-10-03
3756923576658064384,2025-10-03
3757715225030139009,2025-10-03
3972187335165675456,2025-10-03
4107288419676846091,2025-10-03
4107288419676846176,2025-10-03
4251405508386031375,2025-10-03
4404534281793757120,2025-10-03
4476590604025634241,2025-10-03
5116096277414531212,2025-10-03
6341072931965192050,2025-10-03
6629304165209878003,2025-10-03
6638316744161520000,2025-10-03
6701361217345429716,2025-10-03
6701361217345430821,2025-10-03
6710889084652866240,2025-10-03
6917536153237305201,2025-10-03
6927737971451443776,2025-10-03
6927906236549392704,2025-10-03
7215494154939420416,2025-10-03
7854284809238590800,2025-10-03
7854285989967507009,2025-10-03
8295642745197945921,2025-10-03
8728826996144382272,2025-10-03
8800198345918624448,2025-10-03
8800858412341058689,2025-10-03
9089431260710255744,2025-10-03
9989555737518336,2025-10-04
801651206834380375,2025-10-04
875410958979122304,2025-10-04
1233998612444273538,2025-10-04
1513216533301068436,2025-10-04
1585271561336682747,2025-10-04
1585271561336772334,2025-10-04
1585271561336829521,2025-10-04
1585271561336833868,2025-10-04
1585271561336879976,2025-10-04
1585271561336939603,2025-10-04
1585271561337012809,2025-10-04
1585271561337021320,2025-10-04
1585271561337024230,2025-10-04
1585271561337034979,2025-10-04
1585271561337045813,2025-10-04
1666343015431464640,2025-10-04
2386920338217062273,2025-10-04
3469528429872458432,2025-10-04
3611898983435468929,2025-10-04
3747001954464117647,2025-10-04
3901231049869308352,2025-10-04
4260570098204493121,2025-10-04
4332978302823900801,2025-10-04
4764817325728908033,2025-10-04
5054408160956448896,2025-10-04
5116096277414531212,2025-10-04
5260210116220431426,2025-10-04
5260212023980595118,2025-10-04
5269222877690299145,2025-10-04
5270651748865623104,2025-10-04
5332267584642577160,2025-10-04
5332268534224471889,2025-10-04
5701570814117113216,2025-10-04
6196960147642319177,2025-10-04
6269016405102144656,2025-10-04
6341074104264850144,2025-10-04
6341074104264851753,2025-10-04
6341074104264853588,2025-10-04
6413133404652387490,2025-10-04
6485190517591018432,2025-10-04
6782681557186412288,2025-10-04
6999901611225248000,2025-10-04
7720073494878998464,2025-10-04
8214571128982578588,2025-10-04
8358687489347898374,2025-10-04
8358687489347898503,2025-10-04
8367700322646860865,2025-10-04
8367700322646864705,2025-10-04
8872102004503143591,2025-10-04
9910175246783616,2025-10-05
226944985535436544,2025-10-05
360293909705804832,2025-10-05
360295281038589837,2025-10-05
1306110973670995840,2025-10-05
1378112445748263758,2025-10-05
1585271561336700081,2025-10-05
1585271561336915000,2025-10-05
1585271561336928692,2025-10-05
1585271561336983258,2025-10-05
1585271561336986701,2025-10-05
1585271561337012010,2025-10-05
1585271561337022991,2025-10-05
1585271561337033527,2025-10-05
1666343015431464640,2025-10-05
1873514497487928217,2025-10-05
2233792637557835906,2025-10-05
2242804895778101824,2025-10-05
2244513240001046080,2025-10-05
2305848744076623024,2025-10-05
2314997046707036224,2025-10-05
2594080773626550019,2025-10-05
2603693925737069888,2025-10-05
3251611007714858048,2025-10-05
3251612439879604416,2025-10-05
3467783911479848960,2025-10-05
3467784171369747138,2025-10-05
3747000630363940378,2025-10-05
4044758271092420864,2025-10-05
4116339792266941760,2025-10-05
4116348389294694784,2025-10-05
4332819951031581440,2025-10-05
4683751454157203678,2025-10-05
4692759896965140290,2025-10-05
5116096277414530917,2025-10-05
5764615010830211475,2025-10-05
5836672477688190152,2025-10-05
5917738752920382337,2025-10-05
5991517777683010944,2025-10-05
6061855986329503877,2025-10-05
6341074104264855487,2025-10-05
6341075541957838402,2025-10-05
6629304165209877848,2025-10-05
6629304165209878806,2025-10-05
7214779194054967936,2025-10-05
7287701763751970880,2025-10-05
7359344464803280320,2025-10-05
7576643904375722625,2025-10-05
8295642745197945921,2025-10-05
8358687489347898503,2025-10-05
8583871904837544942,2025-10-05
8727987186917590260,2025-10-05
8801543622528988544,2025-10-05
8872102004503143591,2025-10-05
8935148960500687296,2025-10-05
4844634155891,2025-10-06
5034735006047,2025-10-06
875243833211695424,2025-10-06
946552874607559680,2025-10-06
1306055918923481346,2025-10-06
1585271561336622143,2025-10-06
1585271561336660303,2025-10-06
1585271561336667188,2025-10-06
1585271561336703106,2025-10-06
1585271561336768127,2025-10-06
1585271561336811493,2025-10-06
1585271561336866220,2025-10-06
1585271561336905264,2025-10-06
1585271561336915000,2025-10-06
1585271561337026805,2025-10-06
1585271561337028593,2025-10-06
1585271561337033274,2025-10-06
1585271561337041708,2025-10-06
1585271561337050252,2025-10-06
1594816349905392704,2025-10-06
2242804895778101824,2025-10-06
2314918545596573312,2025-10-06
2810253572328673294,2025-10-06
3251612439879604416,2025-10-06
3314656874364763224,2025-10-06
3467784171369747138,2025-10-06
3467784171369748993,2025-10-06
3613185181546237632,2025-10-06
3747001515156930818,2025-10-06
3829605183237722752,2025-10-06
4035232106963127754,2025-10-06
4179348185308884928,2025-10-06
4261607191114164608,2025-10-06
4333955255287353088,2025-10-06
4404702729206808320,2025-10-06
4692759896965140290,2025-10-06
4694401212316192064,2025-10-06
5332267584642577171,2025-10-06
5332268534224471889,2025-10-06
5413337214202460651,2025-10-06
5917738752920382337,2025-10-06
5980785973690676235,2025-10-06
6052843423965704305,2025-10-06
6061859049728065089,2025-10-06
6133915128677088128,2025-10-06
6196958805535046283,2025-10-06
6341074104264855487,2025-10-06
6629304165209876323,2025-10-06
6629304165209876517,2025-10-06
6629304165209878826,2025-10-06
6629305707983208000,2025-10-06
6638901112779566016,2025-10-06
6701361217345430838,2025-10-06
6712005287058121280,2025-10-06
6782432877799019008,2025-10-06
7287304590128514816,2025-10-06
7575067590023580160,2025-10-06
8872102004503143591,2025-10-06
9007206399707353920,2025-10-06
5034735007916,2025-10-07
360293909705804778,2025-10-07
873711825569141888,2025-10-07
875243833211695424,2025-10-07
1522327548243721536,2025-10-07
1585271561336650495,2025-10-07
1585271561336692243,2025-10-07
1585271561336710324,2025-10-07
1585271561336762631,2025-10-07
1585271561336807123,2025-10-07
1585271561336864392,2025-10-07
1585271561336911005,2025-10-07
1585271561336915000,2025-10-07
1585271561336986701,2025-10-07
1585271561337024234,2025-10-07
1595512269973291712,2025-10-07
1738403280270864769,2025-10-07
2315718326334908096,2025-10-07
2747957778956732736,2025-10-07
2820174742291047296,2025-10-07
2891324740640619776,2025-10-07
3107494896196420054,2025-10-07
3757741567770869504,2025-10-07
4035232106963127754,2025-10-07
4179348185308884928,2025-10-07
4188358270391977168,2025-10-07
4692759896965140290,2025-10-07
4899922101829706304,2025-10-07
4910082336722384384,2025-10-07
5413337214202460210,2025-10-07
5476385132355153731,2025-10-07
5908729607245342097,2025-10-07
5917738752920382337,2025-10-07
5980785973690676235,2025-10-07
5991025196473750720,2025-10-07
6341074104264855300,2025-10-07
6341074104264855487,2025-10-07
6341074104264855803,2025-10-07
6557248561836698967,2025-10-07
6629304165209876517,2025-10-07
6629304165209876721,2025-10-07
6629304165209877181,2025-10-07
6710375698481685377,2025-10-07
6710377279947371712,2025-10-07
6917536153237304602,2025-10-07
7214778464155601536,2025-10-07
7214913612799928448,2025-10-07
7349881720239710308,2025-10-07
7638112022221130127,2025-10-07
7791236453343833856,2025-10-07
7791241212634245504,2025-10-07
7854284809238590800,2025-10-07
7998399998816616136,2025-10-07
8295642745197945921,2025-10-07
8295839411168462528,2025-10-07
8872102004503143591,2025-10-07
8873267916356348160,2025-10-07
8935147025123496452,2025-10-07
360293909705804832,2025-10-08
369305764258770368,2025-10-08
441895138367971648,2025-10-08
1161940360365787844,2025-10-08
1306110973670995840,2025-10-08
1585271561336592498,2025-10-08
1585271561336726980,2025-10-08
1585271561336765283,2025-10-08
1585271561336901830,2025-10-08
1585271561336969686,2025-10-08
1585271561336982180,2025-10-08
1585271561337043943,2025-10-08
1667147828435833408,2025-10-08
1729390231323623488,2025-10-08
2233792637557835906,2025-10-08
2449965756977099201,2025-10-08
2603693925737069888,2025-10-08
3251612439879604416,2025-10-08
3747000630363940378,2025-10-08
3747000630363940380,2025-10-08
3747000630363940386,2025-10-08
4035232106963127754,2025-10-08
4117755963243626368,2025-10-08
4620705515620634944,2025-10-08
4908934288185497174,2025-10-08
5197164996113048095,2025-10-08
5198136641676584448,2025-10-08
5269224956824505472,2025-10-08
5908729607245342097,2025-10-08
5917738752920382337,2025-10-08
5919081127676350592,2025-10-08
5980785973690676235,2025-10-08
6052843423965704808,2025-10-08
6341072931965192555,2025-10-08
6701361217345430741,2025-10-08
6927352082688962560,2025-10-08
7349881720239710308,2025-10-08
7421937898647071687,2025-10-08
7493996866413375360,2025-10-08
8655932031432152448,2025-10-08
8872102004503143591,2025-10-08
144122509983743747,2025-10-09
792640496907067905,2025-10-09
873711825569141888,2025-10-09
875393366793077760,2025-10-09
1297043776825666945,2025-10-09
1306055918923481665,2025-10-09
1522327548243721536,2025-10-09
1585271561336611209,2025-10-09
1585271561336777542,2025-10-09
1585271561336912413,2025-10-09
1585271561336999756,2025-10-09
1585271561337008237,2025-10-09
1585271561337033691,2025-10-09
1729388589032331985,2025-10-09
1954762378621260800,2025-10-09
2089675984079929121,2025-10-09
2170748346835341760,2025-10-09
2171445090690468736,2025-10-09
2233792637557840833,2025-10-09
2738194092690289025,2025-10-09
2882310110228255577,2025-10-09
3107495819638270592,2025-10-09
3467784171369747138,2025-10-09
3828751370547352448,2025-10-09
4035232106963127754,2025-10-09
4334104180612880384,2025-10-09
4404532213722839106,2025-10-09
4476591665707205376,2025-10-09
4539635606295686388,2025-10-09
4620705194905618881,2025-10-09
4899922101829706304,2025-10-09
5269224077618119552,2025-10-09
5487034636141470080,2025-10-09
5908729607245342097,2025-10-09
5917738752920382337,2025-10-09
5919081127676350592,2025-10-09
5980785973690676235,2025-10-09
5980786504561921994,2025-10-09
6052843423965704808,2025-10-09
6133915128677073732,2025-10-09
6701361217345428237,2025-10-09
6701361217345430741,2025-10-09
6927906236549392704,2025-10-09
7286835908884538690,2025-10-09
7782225885427882401,2025-10-09
8367800126531811776,2025-10-09
8368908434252673472,2025-10-09
8583871904837544896,2025-10-09
8791033899596156899,2025-10-09
225191792695142912,2025-10-10
441648538105201216,2025-10-10
1008814384946819266,2025-10-10
1307184097019787264,2025-10-10
1450172373279334913,2025-10-10
1585271561336618120,2025-10-10
1585271561336777542,2025-10-10
1585271561336840314,2025-10-10
1585271561337011501,2025-10-10
1585271561337012010,2025-10-10
1729388589032331985,2025-10-10
2170890936830043136,2025-10-10
2242804895778101824,2025-10-10
2738194092690289025,2025-10-10
2882321156862687168,2025-10-10
2954367870147816064,2025-10-10
3395728048205572672,2025-10-10
3458771664316827009,2025-10-10
3747001954464117380,2025-10-10
3828751370547352448,2025-10-10
4035232106963127754,2025-10-10
4107288419676846091,2025-10-10
4476588735011997195,2025-10-10
4476591466642187584,2025-10-10
4621640328968043265,2025-10-10
4764817325728904451,2025-10-10
4980994376076635008,2025-10-10
4981338712092884672,2025-10-10
5116096277414530917,2025-10-10
5908729607245342097,2025-10-10
5918308343299899777,2025-10-10
6052843423965704391,2025-10-10
6052843423965704425,2025-10-10
6052843423965704808,2025-10-10
6278735978234865280,2025-10-10
6350087955005713984,2025-10-10
6557248337431441997,2025-10-10
6566259758382327448,2025-10-10
6629304165209876517,2025-10-10
6639208976035359616,2025-10-10
6927906236549392704,2025-10-10
7000015960434541120,2025-10-10
7287701763751970880,2025-10-10
7638112022221129606,2025-10-10
7710170320803698944,2025-10-10
8079469907788937793,2025-10-10
8223585477406715456,2025-10-10
8224696301186870016,2025-10-10
8430745561286483373,2025-10-10
8583871904837544896,2025-10-10
8872102004503143591,2025-10-10
8872103381380754816,2025-10-10
8944568632607099200,2025-10-10
9074775566146560,2025-10-11
369305764258770368,2025-10-11
658983189719959233,2025-10-11
946492507505883072,2025-10-11
946914460040435776,2025-10-11
1008812355581841236,2025-10-11
1161942649620631617,2025-10-11
1378110665222670401,2025-10-11
1585271561336593059,2025-10-11
1585271561336618582,2025-10-11
1585271561336817322,2025-10-11
1585271561336939603,2025-10-11
1585271561336960467,2025-10-11
1585271561337036299,2025-10-11
2305848744076622807,2025-10-11
2531035227693138307,2025-10-11
2738194092690289025,2025-10-11
2738194092690289061,2025-10-11
3242598857385037873,2025-10-11
3386714877606074114,2025-10-11
3828071959083155265,2025-10-11
3901257438148375808,2025-10-11
3963175209649623032,2025-10-11
4107288419676846091,2025-10-11
4107288419676846195,2025-10-11
4188358933945245264,2025-10-11
4260416483740630784,2025-10-11
4260418966537829185,2025-10-11
4764817325728908033,2025-10-11
4980994376076635008,2025-10-11
5269222534854845313,2025-10-11
5269224956824505472,2025-10-11
5908729607245342098,2025-10-11
5917738752920382337,2025-10-11
5980785973690676310,2025-10-11
6278735978234865280,2025-10-11
6341074330978176295,2025-10-11
6485190696845706466,2025-10-11
6567609326341607744,2025-10-11
6917536006719962241,2025-10-11
6927906236549392704,2025-10-11
7000147901829877888,2025-10-11
7216241822846347392,2025-10-11
7286835505222826436,2025-10-11
7286835588169424548,2025-10-11
7430951976169582016,2025-10-11
7791241212634245504,2025-10-11
7863297125675402049,2025-10-11
7863888780803215680,2025-10-11
8367700483004796672,2025-10-11
8502804186997688729,2025-10-11
8574860238283841878,2025-10-11
8801016903856539072,2025-10-11
8935148650840703744,2025-10-11
8944568632607099200,2025-10-11
5034735006853,2025-10-12
443118580829952448,2025-10-12
576467810957597286,2025-10-12
658235837330124352,2025-10-12
729594265295609622,2025-10-12
1161942522438334849,2025-10-12
1161942649620631617,2025-10-12
1224986448198667277,2025-10-12
1306054984423598367,2025-10-12
1306055918923481346,2025-10-12
1585271561336722280,2025-10-12
1585271561336800124,2025-10-12
1585271561336817322,2025-10-12
1585271561336882741,2025-10-12
1585271561336921096,2025-10-12
1585271561336944156,2025-10-12
1585271561336969288,2025-10-12
1585271561336983258,2025-10-12
1585271561336987405,2025-10-12
1585271561337036307,2025-10-12
1585271561337051847,2025-10-12
1594286234250462081,2025-10-12
1729388589032331985,2025-10-12
1811764471093953345,2025-10-12
1873503251789431761,2025-10-12
2027611165595319872,2025-10-12
2170746759837790082,2025-10-12
2233791780476071127,2025-10-12
2242804895778101824,2025-10-12
2458976577495921224,2025-10-12
2603093153510717570,2025-10-12
2810253572328673248,2025-10-12
2891766060396973184,2025-10-12
2963380775332161280,2025-10-12
3467784171369747138,2025-10-12
3747001954464117647,2025-10-12
3963175209649623032,2025-10-12
4179348047056553453,2025-10-12
4467577916331478438,2025-10-12
4764817325728908033,2025-10-12
4908936206957545857,2025-10-12
4980994376076635008,2025-10-12
5053049382253045315,2025-10-12
5116096277414528680,2025-10-12
5116096277414531212,2025-10-12
5197166057798799616,2025-10-12
5845684785681182273,2025-10-12
5917738752920382337,2025-10-12
6341074104264854574,2025-10-12
6566261173957204160,2025-10-12
6567609326341607744,2025-10-12
6629304165209876826,2025-10-12
6629304165209877093,2025-10-12
7935353481075751963,2025-10-12
8223585477406715456,2025-10-12
8367984175345999936,2025-10-12
8430746051069922433,2025-10-12
8872103381380754816,2025-10-12
8935148960500687296,2025-10-12
72064652518305539,2025-10-13
792641370587574272,2025-10-13
864698737912134848,2025-10-13
946552874607559680,2025-10-13
1017827013645338240,2025-10-13
1585271561336611467,2025-10-13
1585271561336618120,2025-10-13
1585271561336642216,2025-10-13
1585271561336914069,2025-10-13
1585271561336955795,2025-10-13
1738402666486488576,2025-10-13
2017619186364528131,2025-10-13
2171137564819464128,2025-10-13
2171162808295697920,2025-10-13
2242869852638387712,2025-10-13
2594080773626550089,2025-10-13
2738194092690289087,2025-10-13
2738194092690289674,2025-10-13
3395726566295387138,2025-10-13
3828071959083155265,2025-10-13
3963174951955399228,2025-10-13
4044244464717267522,2025-10-13
4332476682224603777,2025-10-13
4539635606295686388,2025-10-13
4548647573216187331,2025-10-13
4620705515620634944,2025-10-13
4621534128888346560,2025-10-13
4683750671725055367,2025-10-13
4755806029018135186,2025-10-13
5197164996113047885,2025-10-13
6052843423965704375,2025-10-13
6206537486349659776,2025-10-13
6278735978234865280,2025-10-13
6341072931965192431,2025-10-13
6422144940795635072,2025-10-13
6494531396630849664,2025-10-13
6557248337293371808,2025-10-13
6629304165209876826,2025-10-13
6629304165209878826,2025-10-13
6701361217345430138,2025-10-13
7133709247784472705,2025-10-13
7142969781737756800,2025-10-13
7287701763751970880,2025-10-13
7430951296027747843,2025-10-13
7576643904375722625,2025-10-13
7719181224280448770,2025-10-13
7791241212634245504,2025-10-13
7926340078215188296,2025-10-13
7998397727548323016,2025-10-13
8214571128982578588,2025-10-13
8439778948379488000,2025-10-13
8945870093784339904,2025-10-13
5034735007042,2025-10-14
5034735007916,2025-10-14
441361688982367554,2025-10-14
504410216844887574,2025-10-14
513421118227062916,2025-10-14
648524241621891083,2025-10-14
864698737912134848,2025-10-14
1080870969472001546,2025-10-14
1234220245509590784,2025-10-14
1585271561336637211,2025-10-14
1585271561336647074,2025-10-14
1585271561336710379,2025-10-14
1585271561336928692,2025-10-14
1585271561336934288,2025-10-14
1585271561336969686,2025-10-14
1585271561336999191,2025-10-14
1585271561337001264,2025-10-14
1585271561337051847,2025-10-14
1595512269973291712,2025-10-14
1666345625407870272,2025-10-14
1738401682216574850,2025-10-14
2242869852638387712,2025-10-14
2738194092690289674,2025-10-14
2748908614381779392,2025-10-14
2891323026468671169,2025-10-14
3107497533813582784,2025-10-14
3108949386821273216,2025-10-14
3819059905448884036,2025-10-14
3891115984388077827,2025-10-14
3901231049869308352,2025-10-14
4260570098204493121,2025-10-14
4621534128888346560,2025-10-14
4899922101829706304,2025-10-14
4908934708435070346,2025-10-14
5116095088562074370,2025-10-14
5260212023980595118,2025-10-14
5908729607245342097,2025-10-14
6052843423965704217,2025-10-14
6566259758382327448,2025-10-14
6629304165209878014,2025-10-14
6629304165209879143,2025-10-14
6701361217345430138,2025-10-14
6854490180147619136,2025-10-14
7070663956211113984,2025-10-14
7142969781737756800,2025-10-14
7576643904375722625,2025-10-14
7854285989967507009,2025-10-14
8151526484379737766,2025-10-14
8214571128982578588,2025-10-14
8286630365325210817,2025-10-14
8502803222098581352,2025-10-14
8935147025123496477,2025-10-14
8935148960500687296,2025-10-14
9079264347632290658,2025-10-14
5034735007814,2025-10-15
10543723100923776,2025-10-15
513421936608554178,2025-10-15
585480984933644800,2025-10-15
657536477715567505,2025-10-15
801651201304651476,2025-10-15
864698737912134848,2025-10-15
1008813765626938370,2025-10-15
1233998501833434304,2025-10-15
1378110665222670401,2025-10-15
1585271561336663228,2025-10-15
1585271561336875396,2025-10-15
1585271561336901830,2025-10-15
1585271561336928692,2025-10-15
1585271561336939603,2025-10-15
1585271561336944162,2025-10-15
1585271561336968320,2025-10-15
1585271561336969686,2025-10-15
1585271561336991274,2025-10-15
1585271561337052048,2025-10-15
1594286942038495744,2025-10-15
2316166949196710976,2025-10-15
2738194092690289087,2025-10-15
3098483135638258628,2025-10-15
3242598792210971339,2025-10-15
3395726040960873025,2025-10-15
3747000630363940378,2025-10-15
3756923576658064384,2025-10-15
3963175209649623032,2025-10-15
4035232106963127754,2025-10-15
4332828747124603712,2025-10-15
4395520290797381521,2025-10-15
5053050532410439617,2025-10-15
5332267584642577308,2025-10-15
5332267584642577413,2025-10-15
5557452949714472260,2025-10-15
5908729607245342097,2025-10-15
5908729769446699202,2025-10-15
5919328751150185280,2025-10-15
6061856157746375819,2025-10-15
6341072931965191904,2025-10-15
6629304165209877246,2025-10-15
7421937898647071630,2025-10-15
7576643904375722625,2025-10-15
7719183474830901697,2025-10-15
8801543622528988544,2025-10-15
297974111359456768,2025-10-16
360293909705804052,2025-10-16
432353157092747328,2025-10-16
513421936608554178,2025-10-16
658983189719959233,2025-10-16
720583759961121985,2025-10-16
729594265295609622,2025-10-16
864698737912134848,2025-10-16
874979983598986624,2025-10-16
946914460040435776,2025-10-16
947494056560982336,2025-10-16
1306055918923485632,2025-10-16
1585271561336813315,2025-10-16
1585271561336820883,2025-10-16
1585271561336875782,2025-10-16
1585271561336939603,2025-10-16
1585271561336991274,2025-10-16
1585271561336999263,2025-10-16
1585271561337026367,2025-10-16
1585271561337041337,2025-10-16
1585271561337054434,2025-10-16
1666343015431464640,2025-10-16
1873503251789431761,2025-10-16
2170746759837787072,2025-10-16
2171162808295697920,2025-10-16
2242869852638387712,2025-10-16
2882308749924541122,2025-10-16
3026426929536382208,2025-10-16
3395726040960873025,2025-10-16
3747000846077164695,2025-10-16
3901231049869308352,2025-10-16
4548647573216187331,2025-10-16
5260209176225692809,2025-10-16
5332267584642577435,2025-10-16
5413337645511821323,2025-10-16
5836672477688190152,2025-10-16
5908729607245342097,2025-10-16
6052843423965704425,2025-10-16
6494201578204133511,2025-10-16
6566258848326450193,2025-10-16
6638576398521673344,2025-10-16
6917536006719961088,2025-10-16
7214778110251697675,2025-10-16
7214913612799928448,2025-10-16
7576643904375722625,2025-10-16
7719181224280448770,2025-10-16
7719183762365542209,2025-10-16
7854285989967507009,2025-10-16
8214571128982578588,2025-10-16
8223583779818499026,2025-10-16
8223585134570190914,2025-10-16
8801543622528988544,2025-10-16
8872102004503143591,2025-10-16
8935148650840696065,2025-10-16
8145832902914,2025-10-17
369305952269615221,2025-10-17
864698737912134848,2025-10-17
875147225487866496,2025-10-17
946914460040435776,2025-10-17
1234308997173066112,2025-10-17
1306110973670995840,2025-10-17
1522228125953156999,2025-10-17
1585271561336628314,2025-10-17
1585271561336660151,2025-10-17
1585271561336777542,2025-10-17
1585271561336912413,2025-10-17
1585271561337026643,2025-10-17
1585271561337054726,2025-10-17
1595811337136054464,2025-10-17
1666343015431464640,2025-10-17
1738659146636609152,2025-10-17
2171162808295697920,2025-10-17
2242869852638387712,2025-10-17
2316176525080145984,2025-10-17
2387696738946225729,2025-10-17
2449965262016764108,2025-10-17
2603092440198734400,2025-10-17
2738194092690289674,2025-10-17
3251611063009623296,2025-10-17
4179348047056553453,2025-10-17
4476591665707205376,2025-10-17
4908937353777222017,2025-10-17
5332267584642577160,2025-10-17
5557452949714472068,2025-10-17
5836672162506749888,2025-10-17
6052843423965704355,2025-10-17
6052843423965704425,2025-10-17
6350087783588513984,2025-10-17
6413133677889897538,2025-10-17
6710374448786440788,2025-10-17
6710375698481685377,2025-10-17
7286836340193220480,2025-10-17
7719180632607324117,2025-10-17
7719181224280448770,2025-10-17
7719183474830901697,2025-10-17
7782225973962771558,2025-10-17
7782225973962771564,2025-10-17
7863296658861515073,2025-10-17
8367700322646860865,2025-10-17
8656346857865876672,2025-10-17
8872103381380754816,2025-10-17
297524686646539584,2025-10-18
657538097896226688,2025-10-18
936754186446803789,2025-10-18
1585271561336593393,2025-10-18
1585271561336768216,2025-10-18
1585271561336777147,2025-10-18
1585271561336804690,2025-10-18
1585271561336806379,2025-10-18
1585271561336862731,2025-10-18
1585271561337034979,2025-10-18
1585271561337051538,2025-10-18
1585271561337053064,2025-10-18
1585274479214059157,2025-10-18
1666343015431464640,2025-10-18
1873503251789431763,2025-10-18
1884014445588659648,2025-10-18
2026631416935243265,2025-10-18
2098689093918501441,2025-10-18
2233792637557834688,2025-10-18
2738194092690289674,2025-10-18
2963380294261557249,2025-10-18
3108765332419498688,2025-10-18
3242598857385035457,2025-10-18
3242598857385038043,2025-10-18
3901231049869308352,2025-10-18
4467577916331479254,2025-10-18
4764817325728907840,2025-10-18
5917742346563020225,2025-10-18
6052843423965704425,2025-10-18
6052843423965704469,2025-10-18
6052843423965704595,2025-10-18
6196960147642319115,2025-10-18
6341074104264856507,2025-10-18
6629304165209876588,2025-10-18
6629304165209877951,2025-10-18
6638576398521673344,2025-10-18
6782681557186412288,2025-10-18
6927906236549392704,2025-10-18
7719181224280448770,2025-10-18
7719183762365542209,2025-10-18
7782225885427882465,2025-10-18
8152383067394922560,2025-10-18
8430745561286483373,2025-10-18
8583871661534034304,2025-10-18
8801543622528988544,2025-10-18
8863091126132830545,2025-10-18
8872103381380754816,2025-10-18
8935147025123496934,2025-10-18
5034735006441,2025-10-19
72062311491580120,2025-10-19
153134773740665347,2025-10-19
288238151495840641,2025-10-19
369307611172937280,2025-10-19
513420979987158801,2025-10-19
658983189719959233,2025-10-19
792639191900656642,2025-10-19
801651201304652576,2025-10-19
864698737912134848,2025-10-19
1161942649620631617,2025-10-19
1522228828218256770,2025-10-19
1585271561336768216,2025-10-19
1585271561336990566,2025-10-19
1585271561336993755,2025-10-19
1585271561337040535,2025-10-19
1585271561337054726,2025-10-19
1594323768696137216,2025-10-19
1738421652124963520,2025-10-19
2098689093918504449,2025-10-19
2233792731551792200,2025-10-19
2386920338217062273,2025-10-19
2387696738946225729,2025-10-19
2449965110012013059,2025-10-19
2594080773626550089,2025-10-19
2882310110228255577,2025-10-19
2891324740640619776,2025-10-19
3098483602160404123,2025-10-19
3458771664316827264,2025-10-19
3963175104584410389,2025-10-19
4117386362847523008,2025-10-19
4764817325728904193,2025-10-19
5260209176225692882,2025-10-19
5332267584642577280,2025-10-19
5414353476157870016,2025-10-19
5701568878757409536,2025-10-19
5918616206555689984,2025-10-19
6052843423965704462,2025-10-19
6052843423965704787,2025-10-19
6124902557742138462,2025-10-19
6124902627122867704,2025-10-19
6566261173957204608,2025-10-19
6567609326341607744,2025-10-19
6629304165209877384,2025-10-19
6629304165209877951,2025-10-19
6701361217345429137,2025-10-19
6701361217345430821,2025-10-19
6917536153237304602,2025-10-19
6927808340195623680,2025-10-19
7214778265081625857,2025-10-19
7214778265081628865,2025-10-19
7576643904375722625,2025-10-19
8367700322646860865,2025-10-19
8801543622528988544,2025-10-19
8872104940726666496,2025-10-19
9007204939872883031,2025-10-19
9007204939872883075,2025-10-19
9007204939872883265,2025-10-19
153134773740665347,2025-10-20
441361688982367554,2025-10-20
720583759961121985,2025-10-20
875454939444235008,2025-10-20
1306806058556077568,2025-10-20
1378113689911308161,2025-10-20
1441159783276051102,2025-10-20
1585271561336593393,2025-10-20
1585271561336614331,2025-10-20
1585271561336731388,2025-10-20
1585271561336804690,2025-10-20
1585271561336810228,2025-10-20
1585271561336850951,2025-10-20
1585271561336865928,2025-10-20
1585271561337020491,2025-10-20
1585271561337036307,2025-10-20
1585271561337042959,2025-10-20
1585271561337049547,2025-10-20
1594287976076177216,2025-10-20
1738401682216574849,2025-10-20
2242804895778101824,2025-10-20
2305848744076624204,2025-10-20
2531033574337163819,2025-10-20
2604256311380796096,2025-10-20
2819265587255210048,2025-10-20
2882310110228255577,2025-10-20
2882311520272397507,2025-10-20
2963380775332161280,2025-10-20
3098483135638258628,2025-10-20
3684346221097551104,2025-10-20
3747000630363940576,2025-10-20
4107288419676846091,2025-10-20
4107288419676846164,2025-10-20
4116894438319313472,2025-10-20
4539636459615928000,2025-10-20
4692759896965140290,2025-10-20
4692764342757237888,2025-10-20
4755806029018135186,2025-10-20
4980994376076635008,2025-10-20
5044039385649898752,2025-10-20
5053051887169702720,2025-10-20
5116096277414530244,2025-10-20
5269222877690299218,2025-10-20
5332267584642577160,2025-10-20
5557452949714472260,2025-10-20
6052843423965704548,2025-10-20
6341074104264856240,2025-10-20
6423503293996611905,2025-10-20
7070662457713951753,2025-10-20
7277824811882338881,2025-10-20
7421937771504245263,2025-10-20
7719181224280448770,2025-10-20
7935354974073818945,2025-10-20
7936915100877930625,2025-10-20
8142515282311850882,2025-10-20
8214572793405073281,2025-10-20
8295642745197945921,2025-10-20
8358687489347898503,2025-10-20
8430745561286483373,2025-10-20
8583871661534034307,2025-10-20
8727988444133188801,2025-10-20
8728826996144382272,2025-10-20
8801016903856539072,2025-10-20
5034735004803,2025-10-21
153131660580731456,2025-10-21
864698737912134848,2025-10-21
864698997795661643,2025-10-21
945766992112357711,2025-10-21
1152927748256710340,2025-10-21
1161942649620632320,2025-10-21
1585271561336664826,2025-10-21
1585271561336688642,2025-10-21
1585271561336714584,2025-10-21
1585271561336878328,2025-10-21
1585271561336938590,2025-10-21
1585271561336986701,2025-10-21
1585271561337013495,2025-10-21
1585271561337020491,2025-10-21
1585271561337032045,2025-10-21
1585271561337036544,2025-10-21
1585271561337038659,2025-10-21
1729388589032331985,2025-10-21
1738401682216574849,2025-10-21
1954573939019829248,2025-10-21
1954574044080790082,2025-10-21
2242869852638387712,2025-10-21
2377906299442911069,2025-10-21
2386920338217062084,2025-10-21
2458976605148927104,2025-10-21
3458771664316827264,2025-10-21
3963174951955398626,2025-10-21
4404702729206808320,2025-10-21
4405344843997464192,2025-10-21
4692759896965140290,2025-10-21
4764817325728904706,2025-10-21
4764817325728908033,2025-10-21
5764614806234616984,2025-10-21
6629305709414973060,2025-10-21
6710374448786440788,2025-10-21
6927906236549392704,2025-10-21
7421937898647071687,2025-10-21
7576643904375722625,2025-10-21
7647123547297070720,2025-10-21
8007412236336258369,2025-10-21
8214572793405073281,2025-10-21
8295642745197945921,2025-10-21
8368908434252673472,2025-10-21
8801587602994100992,2025-10-21
8872102004503143591,2025-10-21
360295281038589837,2025-10-22
369305764258770457,2025-10-22
369307611172934656,2025-10-22
441361688982367554,2025-10-22
657540071955486912,2025-10-22
801649609405801345,2025-10-22
864698737912134848,2025-10-22
1017826062559976640,2025-10-22
1585271561336603153,2025-10-22
1585271561336611199,2025-10-22
1585271561336664826,2025-10-22
1585271561336712661,2025-10-22
1585271561336747433,2025-10-22
1585271561336748673,2025-10-22
1585271561336878328,2025-10-22
1585271561336986701,2025-10-22
1585271561336988398,2025-10-22
1585271561336991274,2025-10-22
1585271561337050533,2025-10-22
1810459314961885698,2025-10-22
1883917688565411456,2025-10-22
1954920702784737664,2025-10-22
2314862489816033282,2025-10-22
2603447635132436992,2025-10-22
2954367870147815910,2025-10-22
2954368544761414400,2025-10-22
3828751370547352448,2025-10-22
4548648150500964289,2025-10-22
4764817325728903810,2025-10-22
4899922101829706304,2025-10-22
4908935571058709185,2025-10-22
5053546254431543744,2025-10-22
5197164996113048095,2025-10-22
5260212023980595118,2025-10-22
5270342890068563072,2025-10-22
5773626323495729345,2025-10-22
6052843423965704862,2025-10-22
6196961100373024751,2025-10-22
6341074104264853896,2025-10-22
6341074104264855425,2025-10-22
6350087783588510913,2025-10-22
6351014403668111040,2025-10-22
6629304165209876826,2025-10-22
6629304165209878353,2025-10-22
6629304165209878501,2025-10-22
6710375040460808193,2025-10-22
6710375698481685377,2025-10-22
6710377279947371714,2025-10-22
7205765802269030917,2025-10-22
7782225973962771531,2025-10-22
8070458324181978240,2025-10-22
8214572793405073281,2025-10-22
8214573009054500405,2025-10-22
8367701467274729984,2025-10-22
8430745561286483373,2025-10-22
5034735006054,2025-10-23
5034735006802,2025-10-23
5034735007817,2025-10-23
360293909705804832,2025-10-23
432351254888983547,2025-10-23
874294004464681344,2025-10-23
1585271561336901830,2025-10-23
1585271561336907160,2025-10-23
1585271561336947786,2025-10-23
1585271561336957245,2025-10-23
1585271561336991274,2025-10-23
1585271561337012840,2025-10-23
1738401682216574849,2025-10-23
2305850098877774871,2025-10-23
2387450687084880960,2025-10-23
2458976605148927104,2025-10-23
2531033574337163656,2025-10-23
2963379536701494144,2025-10-23
3109169289146835200,2025-10-23
3747001954464117380,2025-10-23
3819059496266608833,2025-10-23
4116339792266941760,2025-10-23
4621340614841849537,2025-10-23
5054408160956448896,2025-10-23
5125106987349937950,2025-10-23
5188154264055124614,2025-10-23
5836672162506749888,2025-10-23
6052843423965704805,2025-10-23
6196958805535046227,2025-10-23
6196961100373024751,2025-10-23
6629304165209876610,2025-10-23
6629304165209876826,2025-10-23
6629304165209878826,2025-10-23
6710377279947371714,2025-10-23
6710483905800789504,2025-10-23
7286836340193220480,2025-10-23
7782225973962771393,2025-10-23
7926340078215188296,2025-10-23
7998400403885849998,2025-10-23
8367701467274729984,2025-10-23
8367701594454496128,2025-10-23
360293909705804778,2025-10-24
873711825569141888,2025-10-24
1585271561336641278,2025-10-24
1585271561336659765,2025-10-24
1585271561336739091,2025-10-24
1585271561336744152,2025-10-24
1585271561336799081,2025-10-24
1585271561336804690,2025-10-24
1585271561336833657,2025-10-24
1585271561336866220,2025-10-24
1585271561336872474,2025-10-24
1585271561336911990,2025-10-24
1585271561336928692,2025-10-24
1585271561336995405,2025-10-24
1585271561337001103,2025-10-24
1585271561337038452,2025-10-24
1594286942038495744,2025-10-24
1873503251789431761,2025-10-24
1954920702784737664,2025-10-24
2388215708434570752,2025-10-24
2388593940434537216,2025-10-24
2819266527290770624,2025-10-24
2954367870147815492,2025-10-24
2963379536701494144,2025-10-24
3098483135638258628,2025-10-24
3098483602160404120,2025-10-24
3747000630363940446,2025-10-24
3819059905448884036,2025-10-24
3891115984388077504,2025-10-24
4107288419676846091,2025-10-24
4692759896965140290,2025-10-24
4693266516316288577,2025-10-24
4899933618508618624,2025-10-24
5053051190437830144,2025-10-24
5116096277414530244,2025-10-24
5188154264055125095,2025-10-24
5413338535778293057,2025-10-24
5836672162506749888,2025-10-24
5908730160197041856,2025-10-24
5918167605811538049,2025-10-24
6052843423965704727,2025-10-24
6133915128677073732,2025-10-24
6350266735761193216,2025-10-24
6629304165209878417,2025-10-24
6710375698481685377,2025-10-24
6854490180147622592,2025-10-24
8214571128982578588,2025-10-24
8214573009054500917,2025-10-24
8367700322646864705,2025-10-24
8367701467274729984,2025-10-24
8430745561286483373,2025-10-24
8801535711503824256,2025-10-24
369305764258770457,2025-10-25
792640751260989745,2025-10-25
946552874607559680,2025-10-25
1017837241898739200,2025-10-25
1369101741337283412,2025-10-25
1585271561336866220,2025-10-25
1585271561336887914,2025-10-25
1585271561336927672,2025-10-25
1585271561337003848,2025-10-25
1585271561337026367,2025-10-25
1585271561337030453,2025-10-25
1585271561337054434,2025-10-25
1729388141130525899,2025-10-25
1729388589032331985,2025-10-25
1738401682216574849,2025-10-25
1955483658249113216,2025-10-25
2017618760585038672,2025-10-25
2242869852638387712,2025-10-25
2314918545596573312,2025-10-25
2594080773626550032,2025-10-25
2603412450760346816,2025-10-25
2675151659929808384,2025-10-25
3026424916757370888,2025-10-25
3098493762031496128,2025-10-25
3179555089145713409,2025-10-25
3828071157290900868,2025-10-25
4107288419676846091,2025-10-25
4107288419676846176,2025-10-25
4334104180612880384,2025-10-25
4548648150500964289,2025-10-25
4980994376076635008,2025-10-25
5053062541200284416,2025-10-25
5188154264055125217,2025-10-25
5269223972552621251,2025-10-25
5332268534224471874,2025-10-25
5341282749928416897,2025-10-25
6052843423965704425,2025-10-25
6133911794313203520,2025-10-25
6196958805535046283,2025-10-25
6279413277397629056,2025-10-25
6350087783588510913,2025-10-25
6629304165209876779,2025-10-25
6701361217345430610,2025-10-25
6711891452101445568,2025-10-25
7493995542453564627,2025-10-25
7576643904375722625,2025-10-25
7647124409916188032,2025-10-25
7782225973962771492,2025-10-25
7936237801715186688,2025-10-25
8214573009054500917,2025-10-25
8430745724812681766,2025-10-25
8935147025123496488,2025-10-25
9089818377276976384,2025-10-25
5034735006998,2025-10-26
360293373317682068,2025-10-26
864698737912134848,2025-10-26
873711825569141888,2025-10-26
875147225487866496,2025-10-26
1585271561336614872,2025-10-26
1585271561336617478,2025-10-26
1585271561336680811,2025-10-26
1585271561336694153,2025-10-26
1585271561336806379,2025-10-26
1585271561336864392,2025-10-26
1585271561336939603,2025-10-26
1585271561336944188,2025-10-26
1585271561336979665,2025-10-26
1585271561337024499,2025-10-26
1585271561337047893,2025-10-26
1595643182649518144,2025-10-26
1954573939019829824,2025-10-26
1954920702784737664,2025-10-26
2242869852638387712,2025-10-26
2675151659929808384,2025-10-26
2738194092690289683,2025-10-26
3685463324911442112,2025-10-26
3901231049869308352,2025-10-26
3963174951955398626,2025-10-26
3963175209649623032,2025-10-26
4899933618508618624,2025-10-26
5053062541200284416,2025-10-26
5197164996113047885,2025-10-26
5197164996113048095,2025-10-26
5260212023980595118,2025-10-26
5269223972552621251,2025-10-26
5557453419725369300,2025-10-26
5918369977010725056,2025-10-26
6052843423965704548,2025-10-26
6052843423965704810,2025-10-26
6206643039465930496,2025-10-26
6269016405102144651,2025-10-26
6269028026879258946,2025-10-26
6341072931965192096,2025-10-26
6350087783588510913,2025-10-26
6495418801033085248,2025-10-26
6629304165209876610,2025-10-26
6629304165209876826,2025-10-26
6629304165209878003,2025-10-26
7142855432528460992,2025-10-26
7287709210407551424,2025-10-26
7349881720239712134,2025-10-26
7421937898647071687,2025-10-26
8223912547485265408,2025-10-26
8801016903856539072,2025-10-26
8872102004503143591,2025-10-26
8935148960500687616,2025-10-26
9090011891323472577,2025-10-26
297524686646539584,2025-10-27
432351254888982820,2025-10-27
864698737912134848,2025-10-27
1306055918923481346,2025-10-27
1585271561336726980,2025-10-27
1585271561336745776,2025-10-27
1585271561336757344,2025-10-27
1585271561336841454,2025-10-27
1585271561336866220,2025-10-27
1585271561336969686,2025-10-27
1585271561337003723,2025-10-27
1585271561337030453,2025-10-27
1585271561337040363,2025-10-27
1585271561337047893,2025-10-27
1585271561337051825,2025-10-27
1666345625407870272,2025-10-27
1873514497487928217,2025-10-27
2316334052846495361,2025-10-27
2810253572328674212,2025-10-27
2954368644292678146,2025-10-27
3026426229517363157,2025-10-27
3098483135638258628,2025-10-27
3324717703484575936,2025-10-27
4179347478918639567,2025-10-27
4467577916331478959,2025-10-27
4692759896965140290,2025-10-27
4694401212316192064,2025-10-27
4764817325728906820,2025-10-27
6052843423965704808,2025-10-27
6196960147642318811,2025-10-27
6341072931965192050,2025-10-27
6341072931965192431,2025-10-27
6566258848326450383,2025-10-27
6629304165209877235,2025-10-27
6629304165209877269,2025-10-27
7143876304630332544,2025-10-27
7287709210407551424,2025-10-27
7782225973962771485,2025-10-27
7935355305852134208,2025-10-27
7998399998816616136,2025-10-27
8367782728019915328,2025-10-27
8800241640403122304,2025-10-27
5034735006441,2025-10-28
9018474210548996,2025-10-28
72064652518305539,2025-10-28
72064921482246530,2025-10-28
153135415178498816,2025-10-28
874294004464681344,2025-10-28
1161942649620631617,2025-10-28
1224986448198667277,2025-10-28
1585271561336611199,2025-10-28
1585271561336618707,2025-10-28
1585271561336825728,2025-10-28
1585271561337015543,2025-10-28
1585271561337043459,2025-10-28
1738401389149749952,2025-10-28
1811764471093953345,2025-10-28
2449965262016764108,2025-10-28
2594080439968916697,2025-10-28
2738194092690288910,2025-10-28
3035438502080357056,2025-10-28
3963175209649623032,2025-10-28
4107288419676846176,2025-10-28
4116348389294694784,2025-10-28
4117334242970440768,2025-10-28
4188356816114176577,2025-10-28
4260665893039022657,2025-10-28
4332819951031581440,2025-10-28
4467576858342743199,2025-10-28
4620703683897940812,2025-10-28
4908937353777222017,2025-10-28
5188154264055124614,2025-10-28
5260210293228093257,2025-10-28
5260212023980595118,2025-10-28
5269222534854845313,2025-10-28
5413337214202460145,2025-10-28
5917742346563020225,2025-10-28
6052843423965704521,2025-10-28
6052843423965704810,2025-10-28
6061857247078125826,2025-10-28
6422376404000974784,2025-10-28
6422834790926888257,2025-10-28
6711785384732560128,2025-10-28
6998605659912808066,2025-10-28
6998605980629639169,2025-10-28
7144395274118662848,2025-10-28
7277824441388353957,2025-10-28
7421937898647071687,2025-10-28
7576643904375722625,2025-10-28
7863295616087213199,2025-10-28
8152761299394899968,2025-10-28
8791033531835244932,2025-10-28
8872103381380754816,2025-10-28
9007204939872883048,2025-10-28
9089272931035845568,2025-10-28
225986504464458561,2025-10-29
360293909705804580,2025-10-29
360295029579446279,2025-10-29
369307611172958851,2025-10-29
792640588831739337,2025-10-29
864698737912134848,2025-10-29
874294004464681344,2025-10-29
936756002501341525,2025-10-29
1224987111768316481,2025-10-29
1297043030334348571,2025-10-29
1306055918923481346,2025-10-29
1369101741337283412,2025-10-29
1585271561336710910,2025-10-29
1585271561336735598,2025-10-29
1585271561336925600,2025-10-29
1585271561336929916,2025-10-29
1585271561336947644,2025-10-29
1585271561337036299,2025-10-29
1585271561337041705,2025-10-29
1594285565167032960,2025-10-29
1811764471093953345,2025-10-29
1955923462900249344,2025-10-29
2242869852638387712,2025-10-29
2305848744076623036,2025-10-29
2531033574337164798,2025-10-29
2810253572328673248,2025-10-29
3036777244507937536,2025-10-29
3395728048205572672,2025-10-29
3530829233426745118,2025-10-29
3539842169068608705,2025-10-29
4261730220294743936,2025-10-29
4333867294357128384,2025-10-29
4467576858342743199,2025-10-29
4692759896965145601,2025-10-29
4910082336722384384,2025-10-29
4980994376076635008,2025-10-29
5332267584642577376,2025-10-29
5629513220079284288,2025-10-29
6052843423965704702,2025-10-29
6061856445285913217,2025-10-29
6341072931965192050,2025-10-29
6341072931965192431,2025-10-29
6629304165209876802,2025-10-29
6629304165209877384,2025-10-29
6629304165209877720,2025-10-29
6854490180147622592,2025-10-29
7575066561518646273,2025-10-29
7719183474830902016,2025-10-29
7719183762365539648,2025-10-29
8079470079227475648,2025-10-29
8430745561286483373,2025-10-29
8872102004503143591,2025-10-29
8935148960500686848,2025-10-29
5034735007876,2025-10-30
792639191900656726,2025-10-30
801651206834380136,2025-10-30
1080870968953256914,2025-10-30
1306055918923481346,2025-10-30
1369101741337283911,2025-10-30
1450171046174174592,2025-10-30
1513216533301069189,2025-10-30
1585271561336660151,2025-10-30
1585271561336805630,2025-10-30
1585271561336862265,2025-10-30
1585271561336867115,2025-10-30
1585271561337008237,2025-10-30
1585271561337009256,2025-10-30
1585271561337022174,2025-10-30
1585271561337051986,2025-10-30
1811764471093953345,2025-10-30
1956283427868137024,2025-10-30
2242804895778101824,2025-10-30
2738194092690288910,2025-10-30
2738194092690289051,2025-10-30
2810252842425727873,2025-10-30
3098483135638259031,2025-10-30
3530829233426742997,2025-10-30
3901240824778531264,2025-10-30
3963175209649623032,2025-10-30
4035232792634577217,2025-10-30
4827866083748765122,2025-10-30
6052843423965704691,2025-10-30
6196960147642319177,2025-10-30
6341072931965192431,2025-10-30
6341074104264856093,2025-10-30
6494203389548145408,2025-10-30
6782434890573853762,2025-10-30
6782434890573854912,2025-10-30
6998605449788903553,2025-10-30
7936088008282402368,2025-10-30
8079469907788932736,2025-10-30
8872102004503143591,2025-10-30
8935148960500686848,2025-10-30
9016217269999190150,2025-10-30
226021395768067328,2025-10-31
360295281038589837,2025-10-31
585481725913662337,2025-10-31
1306055918923481346,2025-10-31
1378113689911304961,2025-10-31
1585271561336660151,2025-10-31
1585271561336690460,2025-10-31
1585271561336765283,2025-10-31
1585271561336867115,2025-10-31
1585271561336944156,2025-10-31
1585271561337008237,2025-10-31
1585271561337028331,2025-10-31
1585271561337053954,2025-10-31
1810524221977767617,2025-10-31
1954573939019830722,2025-10-31
3036575033901487680,2025-10-31
3036777244507937536,2025-10-31
3107495819638266880,2025-10-31
3251611063009624320,2025-10-31
3467783911479848960,2025-10-31
4539635606295686016,2025-10-31
4764817325728905537,2025-10-31
4764820333211848768,2025-10-31
5044039385649898752,2025-10-31
5485393630446060480,2025-10-31
5629512838538415361,2025-10-31
5980787599406315050,2025-10-31
6061857247078127296,2025-10-31
6196960147642318811,2025-10-31
6494697521405213568,2025-10-31
6566259758382327448,2025-10-31
6701361217345430166,2025-10-31
6710377279947371714,2025-10-31
7286835588169424773,2025-10-31
7576643904375722625,2025-10-31
7936237801715186688,2025-10-31
8872102557463947648,2025-10-31
9089818377276976384,2025-10-31
